-- phpMyAdmin SQL Dump
-- version 4.3.11
-- http://www.phpmyadmin.net
--
-- Host: 127.0.0.1
-- Generation Time: Apr 09, 2019 at 04:33 PM
-- Server version: 5.6.24
-- PHP Version: 5.6.8

SET SQL_MODE = "NO_AUTO_VALUE_ON_ZERO";
SET time_zone = "+00:00";


/*!40101 SET @OLD_CHARACTER_SET_CLIENT=@@CHARACTER_SET_CLIENT */;
/*!40101 SET @OLD_CHARACTER_SET_RESULTS=@@CHARACTER_SET_RESULTS */;
/*!40101 SET @OLD_COLLATION_CONNECTION=@@COLLATION_CONNECTION */;
/*!40101 SET NAMES utf8 */;

--
-- Database: `mutallco_majorm`
--

-- --------------------------------------------------------

--
-- Table structure for table `adjustment`
--

CREATE TABLE IF NOT EXISTS `adjustment` (
  `adjustment` int(11) NOT NULL,
  `client` int(11) NOT NULL,
  `date` date NOT NULL,
  `amount` double DEFAULT NULL,
  `reason` varchar(255) NOT NULL,
  `timestamp` timestamp NOT NULL DEFAULT CURRENT_TIMESTAMP
) ENGINE=InnoDB DEFAULT CHARSET=latin1;

-- --------------------------------------------------------

--
-- Table structure for table `charge`
--

CREATE TABLE IF NOT EXISTS `charge` (
  `charge` int(11) NOT NULL,
  `service` int(11) NOT NULL,
  `connection` int(10) NOT NULL,
  `date` date NOT NULL,
  `timestamp` timestamp NOT NULL DEFAULT CURRENT_TIMESTAMP,
  `amount` double DEFAULT NULL
) ENGINE=InnoDB DEFAULT CHARSET=latin1;

-- --------------------------------------------------------

--
-- Table structure for table `client`
--

CREATE TABLE IF NOT EXISTS `client` (
  `client` int(11) NOT NULL,
  `name` varchar(255) NOT NULL,
  `phone` varchar(30) DEFAULT NULL,
  `id_no` varchar(255) DEFAULT NULL,
  `comment` varchar(255) DEFAULT NULL
) ENGINE=InnoDB AUTO_INCREMENT=868 DEFAULT CHARSET=latin1;

--
-- Dumping data for table `client`
--

INSERT INTO `client` (`client`, `name`, `phone`, `id_no`, `comment`) VALUES
(1, 'code 1', NULL, NULL, NULL),
(2, 'phone 727343522', NULL, '798187', NULL),
(3, 'OLEPOLOS HOUSE NGONG', NULL, NULL, NULL),
(4, 'A.M.F.H.H CONTRACTOR LTD', NULL, NULL, NULL),
(5, 'Abdikadir Ibrahim Osman', NULL, '9158900', NULL),
(6, 'Abraham Waithima', NULL, NULL, NULL),
(7, 'ACK Church Enoomatasiani', NULL, NULL, NULL),
(8, 'Agnes Kilonzo', NULL, NULL, NULL),
(9, 'Agnes Nyamu', NULL, NULL, NULL),
(10, 'AGNES WANJIKU GITAU', NULL, NULL, NULL),
(11, 'Agustas Mulatia Ndambuki', NULL, NULL, NULL),
(12, 'AHADI EDUCATION CENTRE', NULL, NULL, NULL),
(13, 'AIC Roimen', NULL, NULL, NULL),
(14, 'AIPCEA Church', NULL, NULL, NULL),
(15, 'AJENGO', NULL, NULL, NULL),
(16, 'Albert Kenga', NULL, NULL, NULL),
(17, 'ALEX ODHIAMBO OTIENO', NULL, NULL, NULL),
(18, 'ALEX ROSHA', NULL, '0', NULL),
(19, 'Alex Waithaka', NULL, NULL, NULL),
(20, 'Alice Maina', NULL, '12651565', NULL),
(21, 'ALICE NASHIPAE', NULL, NULL, NULL),
(22, 'ALICEN', NULL, NULL, NULL),
(23, 'ALLAN KARANJA', NULL, NULL, NULL),
(24, 'Allan Kibiru 140', NULL, NULL, NULL),
(25, 'Allan Njenga', NULL, NULL, NULL),
(26, 'Allan W Gitura', NULL, NULL, NULL),
(27, 'Allen Karanja', NULL, NULL, NULL),
(28, 'Alphonse Katuku', NULL, NULL, NULL),
(29, 'Alvin Kisochi', NULL, '30355903', NULL),
(30, 'AMFHH Contract Ltd', NULL, NULL, NULL),
(31, 'Amos Kinyanjui', NULL, '4900620', NULL),
(32, 'ANDREW K CHEPKONGA', NULL, NULL, NULL),
(33, 'Andrew Mutua', NULL, '10424051', NULL),
(34, 'ANDREW NGANGA', NULL, NULL, NULL),
(35, 'ANDRIAN NYAGA MURIITHI', NULL, '0', NULL),
(36, 'ANN CATHERINE', NULL, NULL, NULL),
(37, 'Ann K Osinde', NULL, NULL, NULL),
(38, 'Ann Kimani', NULL, NULL, NULL),
(39, 'ANN KIRUMBI', NULL, '21958198', NULL),
(40, 'ANN MAGONDU', NULL, NULL, NULL),
(41, 'Ann Mkala', NULL, NULL, NULL),
(42, 'Ann N Wanjiriu', NULL, NULL, NULL),
(43, 'ANN NJOKI', NULL, '1064598', NULL),
(44, 'Ann Wakuhi', NULL, '5042612', NULL),
(45, 'ANN WANJIRU JAMAICA', NULL, NULL, NULL),
(46, 'Ann Wanjugu', NULL, NULL, NULL),
(47, 'Anthony Irungu Maina', NULL, '27302831', NULL),
(48, 'ANTHONY KAHUHO', NULL, NULL, NULL),
(49, 'ANTHONY KANGETHE', NULL, '0', NULL),
(50, 'ANTHONY KARIUKI', NULL, '29263360', NULL),
(51, 'Anthony Maina', NULL, NULL, NULL),
(52, 'Anthony Mugut', NULL, NULL, NULL),
(53, 'ANTHONY WAMBU', NULL, NULL, NULL),
(54, 'ARTHUR MUTHAMA', NULL, NULL, NULL),
(55, 'ASHA AMBER', NULL, '0', NULL),
(56, 'BABA NDUTA', NULL, NULL, NULL),
(57, 'BABA PATRICK', NULL, NULL, NULL),
(58, 'Bartonjo Cheptaras', NULL, '22862415', NULL),
(59, 'BEATRICE WACHUKA', NULL, NULL, NULL),
(60, 'Benard Langat', NULL, NULL, NULL),
(61, 'Benard Ndichu', NULL, NULL, NULL),
(62, 'Benerd K Wambugu', NULL, '25188314', NULL),
(63, 'Benerd Maina', NULL, NULL, NULL),
(64, 'Benjamin Mwangi', NULL, NULL, NULL),
(65, 'Benjamin Ndegwa', NULL, '2233049', NULL),
(66, 'Benson Gitau', NULL, NULL, NULL),
(67, 'BERNARD NGUGI GATUNGU', NULL, NULL, NULL),
(68, 'Bernard Osano', NULL, NULL, NULL),
(69, 'Bethwell Mwasingo', NULL, NULL, NULL),
(70, 'Bibianah Mbuthye', NULL, '3782168', NULL),
(71, 'BLOSOM', NULL, NULL, NULL),
(72, 'BOB MARLEY HOME', NULL, NULL, NULL),
(73, 'Boniface Mushila Khamasi', NULL, NULL, NULL),
(74, 'Boniface Ojiambo Ngira', NULL, '9956230', NULL),
(75, 'Bosco Mwaniki', NULL, NULL, NULL),
(76, 'Brian Ngamau K', NULL, NULL, NULL),
(77, 'BW WACHIRA', NULL, NULL, NULL),
(78, 'Caro Njambi', NULL, NULL, NULL),
(79, 'CAROL BIRBIR', NULL, NULL, NULL),
(80, 'Caroline Mbogori', NULL, '11275506', NULL),
(81, 'Carolyne Wanjiru', NULL, NULL, NULL),
(82, 'Catherine Kanorio', NULL, NULL, NULL),
(83, 'CATHERINE NJOKI GITAU', NULL, NULL, NULL),
(84, 'Catherine Wambui Ambunya', NULL, '9187403', NULL),
(85, 'CATHERINE WANJIKU', NULL, NULL, NULL),
(86, 'Cecilia Njane Mugo', NULL, '11322399', NULL),
(87, 'Cecilia Wangui', NULL, NULL, NULL),
(88, 'CELINA MABATI HSE', NULL, NULL, NULL),
(89, 'Celina Memusi Rd', NULL, NULL, NULL),
(90, 'CELINAH FLATS', NULL, NULL, NULL),
(91, 'CELINAH HOME', NULL, NULL, NULL),
(92, 'Chadrack Meme Murunga', NULL, NULL, NULL),
(93, 'CHARITY MATHENGE', NULL, NULL, NULL),
(94, 'CHARITY MEME', NULL, NULL, NULL),
(95, 'Charles Gitonga', NULL, NULL, NULL),
(96, 'CHARLES KARINGA', NULL, NULL, NULL),
(97, 'CHARLES KIMANI KIMOTHO', NULL, NULL, NULL),
(98, 'CHARLES KINUTHIA NJONJO', NULL, '20527390', NULL),
(99, 'CHARLES MUSEMBI KIOKO', NULL, NULL, NULL),
(100, 'Charles Mwaura Mwaniki', NULL, NULL, NULL),
(101, 'Charles Ngugi', NULL, NULL, NULL),
(102, 'CHARLES NYAMWANGE', NULL, '0', NULL),
(103, 'Charles Situma', NULL, '9684247', NULL),
(104, 'CHEGE (MBAO) MATASIA', NULL, NULL, NULL),
(105, 'Chege Mbao', NULL, NULL, NULL),
(106, 'Chege Mwita', NULL, NULL, NULL),
(107, 'CHEGE NGONG HOME', NULL, NULL, NULL),
(108, 'CHEGE NGONG HOTEL', NULL, NULL, NULL),
(109, 'CHEGE RESORT/ ALEX KOIKAI', NULL, NULL, NULL),
(110, 'CHEMIST', NULL, NULL, NULL),
(111, 'Chris Kimathi', NULL, NULL, NULL),
(112, 'CHRISTIAN HOPE MINISTRY', NULL, NULL, NULL),
(113, 'Christine Njoki', NULL, NULL, NULL),
(114, 'CHRISTOPHAH KOECH', NULL, NULL, NULL),
(115, 'Christopher Muraya Kanyi', NULL, NULL, NULL),
(116, 'Christopher N Kagwe', NULL, '1197969', NULL),
(117, 'CK', NULL, NULL, NULL),
(118, 'CLEMENT', NULL, NULL, NULL),
(119, 'CLEMENT NJOROGE', NULL, NULL, NULL),
(120, 'Cleters Kiptaras Kiprotich', NULL, '8771746', NULL),
(121, 'Clive Asande', NULL, NULL, NULL),
(122, 'Cornellius', NULL, NULL, NULL),
(123, 'CORNELLIUS ASHIRA', NULL, NULL, NULL),
(124, 'CYRUS MAKORI', NULL, NULL, NULL),
(125, 'Dagoretti For Kids', NULL, NULL, NULL),
(126, 'Damaris Mulei', NULL, NULL, NULL),
(127, 'Damaris Okemwa', NULL, '69228031', NULL),
(128, 'DAMSLY PROPERTIES LTD', NULL, NULL, NULL),
(129, 'DAN', NULL, NULL, NULL),
(130, 'DAN SAOYO', NULL, NULL, NULL),
(131, 'Daniel Kamau', NULL, NULL, NULL),
(132, 'DANIEL KAMUNYA', NULL, NULL, NULL),
(133, 'Daniel Kiprop', NULL, NULL, NULL),
(134, 'Daniel Muiruri', NULL, NULL, NULL),
(135, 'Daniel Muiruri Kamau', NULL, NULL, NULL),
(136, 'Daniel Mutii', NULL, NULL, NULL),
(137, 'DANIEL WAKABA', NULL, NULL, NULL),
(138, 'DAVID 0NGWAE', NULL, NULL, NULL),
(139, 'DAVID CHUHI HOME', NULL, NULL, NULL),
(140, 'DAVID CHUHI PLOT', NULL, NULL, NULL),
(141, 'DAVID GIKUNGU', NULL, '4877379', NULL),
(142, 'David Gitau Kamuyu', NULL, NULL, NULL),
(143, 'David Kiaru Gakami', NULL, '370764', NULL),
(144, 'David Macharia Kinyua', NULL, NULL, NULL),
(145, 'David Maina', NULL, NULL, NULL),
(146, 'David Mariga', NULL, NULL, NULL),
(147, 'David Marigi', NULL, NULL, NULL),
(148, 'David Muthama', NULL, NULL, NULL),
(149, 'DAVID MUTISYA BALOZI', NULL, NULL, NULL),
(150, 'David Mwiraria', NULL, NULL, NULL),
(151, 'David N Ole Chege', NULL, NULL, NULL),
(152, 'DAVID NDUNG''U', NULL, NULL, NULL),
(153, 'DAVID NYAMU', NULL, NULL, NULL),
(154, 'DAVID O CHIBEKA', NULL, NULL, NULL),
(155, 'David Tiranian Ole Chege', NULL, NULL, NULL),
(156, 'David Toimasi', NULL, NULL, NULL),
(157, 'DAVID WAITHAKA', NULL, '10566572', NULL),
(158, 'David Yegon', NULL, NULL, NULL),
(159, 'Debie Mc Milan', NULL, NULL, NULL),
(160, 'Dennis Kabura Muindi', NULL, NULL, NULL),
(161, 'Dennis Nyasani', NULL, NULL, NULL),
(162, 'Devanson Muranga Onyiego', NULL, NULL, NULL),
(163, 'Diana Kiunjuri', NULL, NULL, NULL),
(164, 'DICK KAGWE', NULL, NULL, NULL),
(165, 'Dickson Aduwa', NULL, NULL, NULL),
(166, 'Dickson Kagiri', NULL, NULL, NULL),
(167, 'DISHON KAMAU GIKONYO', NULL, NULL, NULL),
(168, 'DK', NULL, NULL, NULL),
(169, 'Dominic Kasialek Munya', NULL, '20337770', NULL),
(170, 'Dominic Kimathi', NULL, NULL, NULL),
(171, 'DONALD NYAMWARO', NULL, '0', NULL),
(172, 'DOWN SLAUGHTER KIOSK', NULL, NULL, NULL),
(173, 'DOWN WATER', NULL, NULL, NULL),
(174, 'Dr Charles Wanyoike', NULL, NULL, NULL),
(175, 'Dr Isaac Wasike Wamalwa', NULL, '4735403', NULL),
(176, 'Dr Jackton Achola', NULL, NULL, NULL),
(177, 'DR KARIUKI', NULL, NULL, NULL),
(178, 'Dr Kasembeli', NULL, NULL, NULL),
(179, 'Dr Maira Azimio Gichia', NULL, NULL, NULL),
(180, 'DR NJENGA MUNGAI', NULL, NULL, NULL),
(181, 'Duncan Gitonga', NULL, NULL, NULL),
(182, 'DUNCAN NDUNGU', NULL, NULL, NULL),
(183, 'Eastern Place', NULL, NULL, NULL),
(184, 'EDITH KABIA THAIRU', NULL, NULL, NULL),
(185, 'Edward', NULL, NULL, NULL),
(186, 'Edward Kimondo', NULL, NULL, NULL),
(187, 'EDWARD MURIITHI', NULL, NULL, NULL),
(188, 'Edward Nderitu', NULL, NULL, NULL),
(189, 'EDWARD WAITHAKA MAINA', NULL, NULL, NULL),
(190, 'Edwin', NULL, NULL, NULL),
(191, 'EDWIN CHERUYIOT', NULL, NULL, NULL),
(192, 'EDWIN MANYONGE', NULL, NULL, NULL),
(193, 'EDWIN OBIERO', NULL, NULL, NULL),
(194, 'ELIEZA G KARIUKI', NULL, NULL, NULL),
(195, 'ELIUD KOGE MACHARIA', NULL, NULL, NULL),
(196, 'Eliud Mbugua', NULL, NULL, NULL),
(197, 'ELIUD MBURU', NULL, '0', NULL),
(198, 'Elizabeth Gitahi', NULL, NULL, NULL),
(199, 'Elizabeth Macharia', NULL, NULL, NULL),
(200, 'Elizabeth Masese', NULL, NULL, NULL),
(201, 'ELIZABETH NGENDO KIBERA', NULL, NULL, NULL),
(202, 'ELIZABETH NJERI', NULL, NULL, NULL),
(203, 'Elizabeth Wanjiku Chege', NULL, NULL, NULL),
(204, 'Ellen Wambui Mbachao', NULL, NULL, NULL),
(205, 'Emanuel Semenega', NULL, NULL, NULL),
(206, 'EMILLY SAMUEL', NULL, NULL, NULL),
(207, 'Enktok Joy', NULL, NULL, NULL),
(208, 'ERASTUS K KINUTHIA', NULL, NULL, NULL),
(209, 'Eric Kiangani', NULL, '20915219', NULL),
(210, 'Eric Kiarie', NULL, NULL, NULL),
(211, 'Eric Kuchio Makokha', NULL, '128494', NULL),
(212, 'ERIC MALESI', NULL, NULL, NULL),
(213, 'ERIC NJUGUNA', NULL, NULL, NULL),
(214, 'ERIC NTHENGE', NULL, NULL, NULL),
(215, 'Eric Ososi', NULL, NULL, NULL),
(216, 'Erick Mugi Karimi', NULL, '24418190', NULL),
(217, 'ERNEST GITAU', NULL, NULL, NULL),
(218, 'ERNEST MUCHINA', NULL, NULL, NULL),
(219, 'Esther Gitonga', NULL, NULL, NULL),
(220, 'ESTHER MUNGARE', NULL, NULL, NULL),
(221, 'ESTHER NASHIPAE', NULL, NULL, NULL),
(222, 'ESTHER NJERI WA MOSES', NULL, NULL, NULL),
(223, 'Esther Wangare M', NULL, '11247746', NULL),
(224, 'Esther Wangare Ngugi', NULL, NULL, NULL),
(225, 'Eunice', NULL, NULL, NULL),
(226, 'Eunice Njambi Muchengi', NULL, NULL, NULL),
(227, 'EUNICE WANGUI', NULL, NULL, NULL),
(228, 'EUNICE WANJIRU', NULL, NULL, NULL),
(229, 'Evans Orenge', NULL, NULL, NULL),
(230, 'Ezra Rapasi', NULL, NULL, NULL),
(231, 'F.G METTA', NULL, NULL, NULL),
(232, 'FAITH KANANU', NULL, NULL, NULL),
(233, 'Fatuma Osman', NULL, NULL, NULL),
(234, 'FELISTER ODHIAMBO', NULL, NULL, NULL),
(235, 'Felistus Mwende Musyimi', NULL, NULL, NULL),
(236, 'Flora Mwangi', NULL, NULL, NULL),
(237, 'FLORENCE', NULL, NULL, NULL),
(238, 'Florence chelangat Kipruto', NULL, '24508766', NULL),
(239, 'Florence Mawanda', NULL, NULL, NULL),
(240, 'FLORENCE WANJIKU', NULL, NULL, NULL),
(241, 'Francis Kamau', NULL, NULL, NULL),
(242, 'Francis kanyori', NULL, '5715547', NULL),
(243, 'Francis Kiarie', NULL, NULL, NULL),
(244, 'FRANCIS MARAGIA', NULL, NULL, NULL),
(245, 'Francis Muiru Kagunda', NULL, NULL, NULL),
(246, 'Francis Ndungu Kibugu', NULL, NULL, NULL),
(247, 'FRED', NULL, NULL, NULL),
(248, 'FRED MAINA', NULL, NULL, NULL),
(249, 'Fredrick Kosore', NULL, NULL, NULL),
(250, 'Fredrick Mwachi', NULL, NULL, NULL),
(251, 'Fredrick Werimu', NULL, NULL, NULL),
(252, 'Gabriel Munya', NULL, NULL, NULL),
(253, 'GABRIEL OMUKUBA', NULL, '1020147', NULL),
(254, 'Gaceru Kamau', NULL, NULL, NULL),
(255, 'GAD KIMANI', NULL, NULL, NULL),
(256, 'Gadys Mumbi', NULL, NULL, NULL),
(257, 'Genetrix Barasa', NULL, '4897549', NULL),
(258, 'Geoffrey Kinyua', NULL, NULL, NULL),
(259, 'GEOFFREY MOGIRE', NULL, '20307524', NULL),
(260, 'Geoffrey Mugambi', NULL, NULL, NULL),
(261, 'Geoffrey Nganga', NULL, NULL, NULL),
(262, 'GEORGE', NULL, NULL, NULL),
(263, 'George Akendo', NULL, NULL, NULL),
(264, 'George Gakuru', NULL, '10424051', NULL),
(265, 'GEORGE KAMAU', NULL, NULL, NULL),
(266, 'George Kimani', NULL, NULL, NULL),
(267, 'GEORGE M KIMANI', NULL, NULL, NULL),
(268, 'George Mutaberi', NULL, NULL, NULL),
(269, 'George Njenga', NULL, NULL, NULL),
(270, 'GEORGE ODUL', NULL, NULL, NULL),
(271, 'GERALD KOIGI', NULL, NULL, NULL),
(272, 'GERALD NJAGI IRERI', NULL, '9819759', NULL),
(273, 'GILBERT NJUGUNA', NULL, NULL, NULL),
(274, 'Gilbert Obegi', NULL, NULL, NULL),
(275, 'GILBERT OREGI', NULL, NULL, NULL),
(276, 'Githire', NULL, NULL, NULL),
(277, 'GITHUA', NULL, NULL, NULL),
(278, 'Gitonga Ann', NULL, NULL, NULL),
(279, 'Gladys Mutii', NULL, NULL, NULL),
(280, 'Grace Bogecho', NULL, NULL, NULL),
(281, 'GRACE KAMANU', NULL, NULL, NULL),
(282, 'Grace Mutai', NULL, NULL, NULL),
(283, 'GRACE NJERI', NULL, '8240847', NULL),
(284, 'GRACE NJERI KIBATHI', NULL, '5184739', NULL),
(285, 'Grace Njoroge', NULL, '20642364', NULL),
(286, 'Grace Wairimu Home', NULL, NULL, NULL),
(287, 'Grace Wairimu Plot', NULL, NULL, NULL),
(288, 'Grace Wambui', NULL, NULL, NULL),
(289, 'Grace Wangui Ngando', NULL, NULL, NULL),
(290, 'Grace Wanjiku', NULL, NULL, NULL),
(291, 'Hanna Wambui Kamau', NULL, NULL, NULL),
(292, 'Hannah Mungai', NULL, NULL, NULL),
(293, 'HANNAH WAMUYU', NULL, NULL, NULL),
(294, 'HANNAH WANIRU', NULL, NULL, NULL),
(295, 'HANNAH WANJA NJOROGE', NULL, NULL, NULL),
(296, 'HARMAN NJUGUNA', NULL, NULL, NULL),
(297, 'Harun Cheruiyot Bett', NULL, NULL, NULL),
(298, 'Harun Ndagwe', NULL, NULL, NULL),
(299, 'HASAL NGONG', NULL, NULL, NULL),
(300, 'HELLEN GICHURE', NULL, '0', NULL),
(301, 'Hellen Kengere', NULL, NULL, NULL),
(302, 'Hellen Machoka', NULL, NULL, NULL),
(303, 'Hellen Siagi', NULL, NULL, NULL),
(304, 'Hellen W Mwae', NULL, '21140677', NULL),
(305, 'Hellen Wambui Macharia', NULL, NULL, NULL),
(306, 'Hellen Wanyora', NULL, NULL, NULL),
(307, 'HENRY OMWOYO', NULL, '0', NULL),
(308, 'HEZRON KIRATU MUNGAI', NULL, NULL, NULL),
(309, 'Hon Sakuda', NULL, NULL, NULL),
(310, 'Hosea Ochwangi', NULL, NULL, NULL),
(311, 'HUMPHREY KIBIRU', NULL, '984561', NULL),
(312, 'Humphrey Kimani', NULL, NULL, NULL),
(313, 'Ibrahim M Manyara', NULL, NULL, NULL),
(314, 'Iddah Mindio', NULL, NULL, NULL),
(315, 'Irene Gathongo', NULL, '11143572', NULL),
(316, 'Irene Lorot', NULL, NULL, NULL),
(317, 'Irene Wamaitha', NULL, NULL, NULL),
(318, 'Irene Wangare', NULL, NULL, NULL),
(319, 'Ireri Njiru', NULL, NULL, NULL),
(320, 'ISAAC BET', NULL, NULL, NULL),
(321, 'Isaac Karuiki', NULL, NULL, NULL),
(322, 'ISAAC MBATIA', NULL, NULL, NULL),
(323, 'Isaac Muturi', NULL, '11245419', NULL),
(324, 'Isaac Omondi', NULL, NULL, NULL),
(325, 'Isaac Wachira', NULL, NULL, NULL),
(326, 'Itotia Njagi', NULL, NULL, NULL),
(327, 'JACINTA NTHENYA', NULL, NULL, NULL),
(328, 'JACKLINE', NULL, NULL, NULL),
(329, 'Jackob Kamau Muhia', NULL, NULL, NULL),
(330, 'JACOB KIBET', NULL, NULL, NULL),
(331, 'JACOB ODANGA', NULL, NULL, NULL),
(332, 'JAMES AMOLLO OLUECH', NULL, '0', NULL),
(333, 'JAMES AMOLO', NULL, NULL, NULL),
(334, 'James Gaceru', NULL, NULL, NULL),
(335, 'JAMES GACHERU', NULL, NULL, NULL),
(336, 'JAMES GICHIGO', NULL, NULL, NULL),
(337, 'James K Mutahi', NULL, NULL, NULL),
(338, 'JAMES KAMAU NYOKABI', NULL, NULL, NULL),
(339, 'JAMES KARIUKI', NULL, NULL, NULL),
(340, 'James Kimani', NULL, NULL, NULL),
(341, 'JAMES KUYA NINA', NULL, NULL, NULL),
(342, 'James M Kimani', NULL, NULL, NULL),
(343, 'James Mathu', NULL, NULL, NULL),
(344, 'James Muchene Kamau', NULL, '4858366', NULL),
(345, 'James Muhindi', NULL, NULL, NULL),
(346, 'JAMES MUNGAI', NULL, NULL, NULL),
(347, 'JAMES MUTII', NULL, NULL, NULL),
(348, 'JAMES MWANDA', NULL, '0', NULL),
(349, 'James N Gichihi', NULL, NULL, NULL),
(350, 'JAMES NGUGI', NULL, NULL, NULL),
(351, 'JAMES NJOROGE', NULL, '0', NULL),
(352, 'JAMES NJUKI MUNAE', NULL, '8707573', NULL),
(353, 'JAMES SENEWA', NULL, NULL, NULL),
(354, 'James Sululu', NULL, NULL, NULL),
(355, 'James Thou Kamau', NULL, NULL, NULL),
(356, 'JAMES THUO', NULL, NULL, NULL),
(357, 'James Wangugi Kamau', NULL, NULL, NULL),
(358, 'James Wanyoike Kuria', NULL, NULL, NULL),
(359, 'James Waweru', NULL, NULL, NULL),
(360, 'JANE', NULL, NULL, NULL),
(361, 'Jane Rotich', NULL, NULL, NULL),
(362, 'JANE KAMOCHU', NULL, NULL, NULL),
(363, 'Jane Musei', NULL, NULL, NULL),
(364, 'Jane Muthoni Njuguna', NULL, NULL, NULL),
(365, 'Jane Njoki Wacieni', NULL, NULL, NULL),
(366, 'Jane Njoroge', NULL, NULL, NULL),
(367, 'Jane Wangare Kimani', NULL, NULL, NULL),
(368, 'Jane Wanjiku', NULL, NULL, NULL),
(369, 'JANEFFER WANGUI', NULL, NULL, NULL),
(370, 'Janet Kioni', NULL, '20170805985', NULL),
(371, 'Jecinta Njoki Karanja', NULL, NULL, NULL),
(372, 'Jecinta Waichari', NULL, NULL, NULL),
(373, 'JENIFFER NDEGE', NULL, NULL, NULL),
(374, 'Jeremiah Makanja', NULL, NULL, NULL),
(375, 'JEREMIAH OKENDO MILONDE', NULL, '0', NULL),
(376, 'Jeremiah Rapasi', NULL, NULL, NULL),
(377, 'JEREMIAH TULELE', NULL, NULL, NULL),
(378, 'Jerry Maosa', NULL, '23145614', NULL),
(379, 'JIMMY KIBICHILY', NULL, NULL, NULL),
(380, 'JOAN NYAMBURA WAWERU', NULL, NULL, NULL),
(381, 'JOB MUGIRE KIRATU', NULL, NULL, NULL),
(382, 'Job Parit', NULL, NULL, NULL),
(383, 'Joe Wine', NULL, NULL, NULL),
(384, 'JOHN CHEGE KIBINGE', NULL, '14484702', NULL),
(385, 'JOHN GITAU', NULL, NULL, NULL),
(386, 'John Ikenye', NULL, NULL, NULL),
(387, 'JOHN K KAMAU', NULL, NULL, NULL),
(388, 'John Kahiga', NULL, NULL, NULL),
(389, 'John Kariuki', NULL, NULL, NULL),
(390, 'JOHN KIGURU', NULL, '0', NULL),
(391, 'John Kimondo', NULL, NULL, NULL),
(392, 'John Kuria', NULL, NULL, NULL),
(393, 'John Lumet', NULL, NULL, NULL),
(394, 'John Macharia', NULL, NULL, NULL),
(395, 'John Mbugua Kimiti', NULL, NULL, NULL),
(396, 'John Munguti', NULL, '6452646', NULL),
(397, 'John Muriithi', NULL, NULL, NULL),
(398, 'John Mwangi', NULL, NULL, NULL),
(399, 'John Mwaniki', NULL, NULL, NULL),
(400, 'John Nderitu', NULL, '8577619', NULL),
(401, 'John Ndirangu', NULL, NULL, NULL),
(402, 'John Njoroge', NULL, NULL, NULL),
(403, 'John Otete', NULL, '0', NULL),
(404, 'JOHN OTIENO', NULL, NULL, NULL),
(405, 'JOHNSON GITHUI MUIITHI', NULL, '24129794', NULL),
(406, 'Johnson Kamau', NULL, NULL, NULL),
(407, 'Joseph Kamau', NULL, NULL, NULL),
(408, 'Joseph Kamau Mungai', NULL, '20170805835', NULL),
(409, 'JOSEPH KAMAU NGANGA', NULL, NULL, NULL),
(410, 'JOSEPH KIMANI WAMAI', NULL, NULL, NULL),
(411, 'JOSEPH KIMTAI', NULL, NULL, NULL),
(412, 'JOSEPH KURIA', NULL, '11273763', NULL),
(413, 'Joseph M Mbugua', NULL, NULL, NULL),
(414, 'JOSEPH MAINA KANG''ARA', NULL, NULL, NULL),
(415, 'Joseph Miano', NULL, NULL, NULL),
(416, 'Joseph Mungai Kimotho', NULL, NULL, NULL),
(417, 'Joseph Mwangi', NULL, NULL, NULL),
(418, 'Joseph Ndungu', NULL, NULL, NULL),
(419, 'JOSEPH NDUNGU MUIRURI', NULL, NULL, NULL),
(420, 'Joseph Ndura', NULL, '22516723', NULL),
(421, 'JOSEPH NGUGI MUNGA', NULL, NULL, NULL),
(422, 'Joseph Njoroge Chuhi', NULL, NULL, NULL),
(423, 'Joseph Wanderi', NULL, NULL, NULL),
(424, 'Josephine Oneya Ambatsa', NULL, NULL, NULL),
(425, 'Josephine Sanaiyo Lesamon', NULL, NULL, NULL),
(426, 'JOSHUA O NYAKUNDI', NULL, NULL, NULL),
(427, 'JOYCE KARANJA', NULL, NULL, NULL),
(428, 'Joyce Lemoiko', NULL, NULL, NULL),
(429, 'Joyce Mugure', NULL, NULL, NULL),
(430, 'Joyce Mungare', NULL, NULL, NULL),
(431, 'Joyce Nganga', NULL, NULL, NULL),
(432, 'JUDITH AKINYI', NULL, NULL, NULL),
(433, 'JUDY GAKINYA', NULL, NULL, NULL),
(434, 'JUDY NDUNGU', NULL, NULL, NULL),
(435, 'JULIE KITOLOLO', NULL, NULL, NULL),
(436, 'JULIE WANJIRA NDUIGA', NULL, NULL, NULL),
(437, 'JULIET WANJIRU', NULL, NULL, NULL),
(438, 'JULIUS', NULL, NULL, NULL),
(439, 'Julius Irungu', NULL, NULL, NULL),
(440, 'Julius Mbaabu', NULL, NULL, NULL),
(441, 'Julius Onyonyi Opiny', NULL, NULL, NULL),
(442, 'Justus', NULL, NULL, NULL),
(443, 'Justus Muthuri Marete', NULL, NULL, NULL),
(444, 'KAG Church', NULL, NULL, NULL),
(445, 'KAHURU WATER', NULL, NULL, NULL),
(446, 'KAMAU', NULL, NULL, NULL),
(447, 'Kamau 46 Developer', NULL, NULL, NULL),
(448, 'Kamau Mariga', NULL, NULL, NULL),
(449, 'Kambui Karemeri', NULL, NULL, NULL),
(450, 'Kamochu', NULL, NULL, NULL),
(451, 'KANG''ARI KARANJA', NULL, NULL, NULL),
(452, 'Karanja', NULL, NULL, NULL),
(453, 'KARANJA GACHEGUA', NULL, NULL, NULL),
(454, 'Karanja Kinyanjui', NULL, NULL, NULL),
(455, 'Karimi', NULL, NULL, NULL),
(456, 'Kariuki', NULL, NULL, NULL),
(457, 'Kariuki Kagumu', NULL, NULL, NULL),
(458, 'KARIUKI TAJIRI', NULL, NULL, NULL),
(459, 'KARUMBI', NULL, NULL, NULL),
(460, 'KEFFA OSORO', NULL, '9699436', NULL),
(461, 'Kelvin Mwaura', NULL, NULL, NULL),
(462, 'Ken Kiboro', NULL, '13827696', NULL),
(463, 'KENNEDY GATURA CHIEF', NULL, '0', NULL),
(464, 'KENNEDY KARIUKI', NULL, NULL, NULL),
(465, 'KENNEDY MUDEMA KEGODE', NULL, NULL, NULL),
(466, 'Kennedy Sakwa', NULL, NULL, NULL),
(467, 'Kepha Manoti', NULL, NULL, NULL),
(468, 'Kepha Mwongere', NULL, '11322399', NULL),
(469, 'Kiarie Paul', NULL, NULL, NULL),
(470, 'KIBUI', NULL, NULL, NULL),
(471, 'KILIMANJARO CONTRACTORS', NULL, NULL, NULL),
(472, 'KIMANI', NULL, NULL, NULL),
(473, 'Kimani Githae', NULL, NULL, NULL),
(474, 'Kimani Waime', NULL, NULL, NULL),
(475, 'Kimathi', NULL, NULL, NULL),
(476, 'KINUTHIA KAMUKURU', NULL, NULL, NULL),
(477, 'Kirubi Wachira', NULL, '7576112', NULL),
(478, 'KISERIAN DOWN SLAUGHTER', NULL, NULL, NULL),
(479, 'KISERIAN UP SLAUGHTER', NULL, NULL, NULL),
(480, 'Kithinji', NULL, NULL, NULL),
(481, 'Koigi', NULL, NULL, NULL),
(482, 'Koki Kinagi', NULL, NULL, NULL),
(483, 'KURIA', NULL, NULL, NULL),
(484, 'KURIA KAMUKURU', NULL, NULL, NULL),
(485, 'KURIA MLACHAKE', NULL, NULL, NULL),
(486, 'Kuria Stephen Kihia', NULL, NULL, NULL),
(487, 'Laban Kadera Roimen', NULL, NULL, NULL),
(488, 'LANGASI', NULL, NULL, NULL),
(489, 'Lawrence Mweresa', NULL, '22177250', NULL),
(490, 'Leonard Gichanga', NULL, '21813309', NULL),
(491, 'LEORNARD WANJOHI', NULL, '11260820', NULL),
(492, 'Life Gospel Church Mutuine', NULL, NULL, NULL),
(493, 'LILIAN AKINYI OGAADA', NULL, NULL, NULL),
(494, 'LILIAN OSUNDWA', NULL, NULL, NULL),
(495, 'LOWER MATASIA NJENJA GITHUA', NULL, NULL, NULL),
(496, 'LUCAS WAMALWA', NULL, NULL, NULL),
(497, 'Lucy Kibunyi', NULL, NULL, NULL),
(498, 'Lucy Njeri Kangoro', NULL, NULL, NULL),
(499, 'Lucy Njeri Tingt', NULL, NULL, NULL),
(500, 'LUCY WABU MAINGI', NULL, NULL, NULL),
(501, 'Lucy Wacuka Thairu', NULL, NULL, NULL),
(502, 'Lucy Wambugu', NULL, NULL, NULL),
(503, 'Lucy Wangechi Nyaguthie', NULL, NULL, NULL),
(504, 'Lucy Wanjiku', NULL, NULL, NULL),
(505, 'Lucy Waruchu', NULL, NULL, NULL),
(506, 'Luha', NULL, NULL, NULL),
(507, 'Lydia Kemunto Nyakundi', NULL, NULL, NULL),
(508, 'lydiah', NULL, NULL, NULL),
(509, 'Machine Center', NULL, NULL, NULL),
(510, 'MAGARET WANGARI', NULL, NULL, NULL),
(511, 'MAINA', NULL, NULL, NULL),
(512, 'MAINA ( MATHARE)', NULL, NULL, NULL),
(513, 'Maina Wa Gishagi', NULL, NULL, NULL),
(514, 'MAJOR M BAR', NULL, '0', NULL),
(515, 'MAJOR M BUTCHERY', NULL, '0', NULL),
(516, 'Maley', NULL, NULL, NULL),
(517, 'MAMA JEFF', NULL, NULL, NULL),
(518, 'MAMA KIMANI WAIME', NULL, '0', NULL),
(519, 'MAMA NJERI', NULL, NULL, NULL),
(520, 'MAMA TOIMA TRD', NULL, NULL, NULL),
(521, 'Mama Wairimu', NULL, NULL, NULL),
(522, 'MAMA WARUI', NULL, NULL, NULL),
(523, 'Margaret Kamau', NULL, NULL, NULL),
(524, 'Margaret Minu', NULL, NULL, NULL),
(525, 'MARGARET MUTHONI', NULL, NULL, NULL),
(526, 'Margaret Wahu Muchene', NULL, NULL, NULL),
(527, 'Margaret Wairimu', NULL, NULL, NULL),
(528, 'Margaret Wangare', NULL, NULL, NULL),
(529, 'Mariga', NULL, NULL, NULL),
(530, 'MARK OMONDI', NULL, '0', NULL),
(531, 'MARLEY PETROL STATION', NULL, NULL, NULL),
(532, 'Martha Nyamboke', NULL, NULL, NULL),
(533, 'Martha Tantai Githinji', NULL, '23096486', NULL),
(534, 'Martin Ambani', NULL, NULL, NULL),
(535, 'Martin K Eliud', NULL, NULL, NULL),
(536, 'Martin Kiberere', NULL, NULL, NULL),
(537, 'Martin Mburu', NULL, NULL, NULL),
(538, 'Martin Njuguna Mwangi', NULL, '21991097', NULL),
(539, 'Martin Wenani', NULL, '21602581', NULL),
(540, 'MARY KARANJA', NULL, NULL, NULL),
(541, 'MARY KIMUHU', NULL, '11272430', NULL),
(542, 'MARY MACHARIA', NULL, NULL, NULL),
(543, 'Mary Muthoni', NULL, NULL, NULL),
(544, 'Mary Nduati', NULL, '13610998', NULL),
(545, 'MARY NDUTA', NULL, NULL, NULL),
(546, 'Mary Njeri Wanjiru', NULL, NULL, NULL),
(547, 'MARY NJOROGE', NULL, NULL, NULL),
(548, 'Mary Ruguru Njenga', NULL, NULL, NULL),
(549, 'MARY SEFU', NULL, NULL, NULL),
(550, 'Mary Wambui', NULL, NULL, NULL),
(551, 'Mary Wambui Nderitu', NULL, NULL, NULL),
(552, 'Mary Wangui Kamau', NULL, NULL, NULL),
(553, 'MARY WANJIKU CHEGE', NULL, NULL, NULL),
(554, 'MARY WANJIRU', NULL, NULL, NULL),
(555, 'Maryanne Kiamani', NULL, NULL, NULL),
(556, 'Mathare Ngong', NULL, NULL, NULL),
(557, 'Matheas Kamau', NULL, NULL, NULL),
(558, 'MAUREEN OMWENGA', NULL, NULL, NULL),
(559, 'MBUGUAH', NULL, NULL, NULL),
(560, 'Mburu', NULL, NULL, NULL),
(561, 'MERCY KAVAI', NULL, NULL, NULL),
(562, 'MIANO JOSEPH', NULL, '10378297', NULL),
(563, 'Michael Kalii', NULL, NULL, NULL),
(564, 'Michael Karanja Mwaura', NULL, NULL, NULL),
(565, 'Michael Kariuki', NULL, NULL, NULL),
(566, 'Michael Kimani Njenga', NULL, NULL, NULL),
(567, 'Michael Macharia Mwangi', NULL, '9209444', NULL),
(568, 'Michael Mwaura', NULL, NULL, NULL),
(569, 'MICHAEL NDUNGU KARIUKI', NULL, NULL, NULL),
(570, 'Michael Ogambi', NULL, '14674660', NULL),
(571, 'MICHAEL SANDE', NULL, NULL, NULL),
(572, 'Mike Kalama', NULL, NULL, NULL),
(573, 'Milkah Wangare Kimani', NULL, NULL, NULL),
(574, 'Milkah Wanja Wairimu', NULL, '25825793', NULL),
(575, 'Monica Gitau', NULL, NULL, NULL),
(576, 'Monica Njeri Nyang', NULL, NULL, NULL),
(577, 'MONICA WANJIKU', NULL, NULL, NULL),
(578, 'Monica Wanjiku Githinji', NULL, '1066855', NULL),
(579, 'MOPHAT', NULL, NULL, NULL),
(580, 'MORARA MATUNDA', NULL, NULL, NULL),
(581, 'MORRIS MUITA', NULL, NULL, NULL),
(582, 'Moses Amolo', NULL, NULL, NULL),
(583, 'MOSES KARANJA', NULL, NULL, NULL),
(584, 'MOSES LEDANA', NULL, NULL, NULL),
(585, 'MOSES MARWANGA', NULL, NULL, NULL),
(586, 'MOSES MEITAMEI', NULL, '5799538', NULL),
(587, 'MOSES NDERITU', NULL, NULL, NULL),
(588, 'MOSES OWAKA', NULL, NULL, NULL),
(589, 'MR GAKINYA', NULL, '0', NULL),
(590, 'MR IRUNGU', NULL, '0', NULL),
(591, 'MR JIM', NULL, '0', NULL),
(592, 'MR KANYAGO', NULL, '0', NULL),
(593, 'MR LENANA', NULL, '0', NULL),
(594, 'MR MUCHAI', NULL, '0', NULL),
(595, 'Mr Nyamwaro', NULL, NULL, NULL),
(596, 'MR ROBERT THIONGO', NULL, '0', NULL),
(597, 'Mrs Maina', NULL, NULL, NULL),
(598, 'MUCHINA FLATS', NULL, NULL, NULL),
(599, 'MUCHIRI', NULL, NULL, NULL),
(600, 'Muigai Waweru', NULL, NULL, NULL),
(601, 'MUM WARENGA CELINAH', NULL, NULL, NULL),
(602, 'MUNA MWANGI', NULL, NULL, NULL),
(603, 'Murara Matunda', NULL, NULL, NULL),
(604, 'Mutiso Nzioka', NULL, '1856926', NULL),
(605, 'Mutunga', NULL, NULL, NULL),
(606, 'Mwangi Nguru', NULL, NULL, NULL),
(607, 'Mwitinda Mutuini', NULL, NULL, NULL),
(608, 'Nahashon Gacagua', NULL, NULL, NULL),
(609, 'NAHASHON THIONGO', NULL, '9125436', NULL),
(610, 'NAHASON GSCHUGUA', NULL, NULL, NULL),
(611, 'Nancy Gathigi', NULL, NULL, NULL),
(612, 'Nancy K Kariuki', NULL, NULL, NULL),
(613, 'Nancy Kuria', NULL, NULL, NULL),
(614, 'NANCY RUTO', NULL, NULL, NULL),
(615, 'NAOMI WANJIRU LUMET', NULL, NULL, NULL),
(616, 'Naomi Mwangi', NULL, '4871976', NULL),
(617, 'Naphtaly Misuka Ondiba', NULL, NULL, NULL),
(618, 'NASIEKU', NULL, '0', NULL),
(619, 'Nathan K Munyori', NULL, '3342636', NULL),
(620, 'Nathan Okelo', NULL, NULL, NULL),
(621, 'Ndirangu Mwangi', NULL, NULL, NULL),
(622, 'NDUNGU MURABA', NULL, NULL, NULL),
(623, 'NELLIUS NJOROGE', NULL, '20509393', NULL),
(624, 'Nelson Kimtale Kapandet', NULL, NULL, NULL),
(625, 'Nelson Kinyua Mugo', NULL, '10188663', NULL),
(626, 'Nelson Mwangi', NULL, NULL, NULL),
(627, 'New Apostolic Church', NULL, '1874228', NULL),
(628, 'Newton Gaceru Njoroge', NULL, NULL, NULL),
(629, 'Ngaajia', NULL, NULL, NULL),
(630, 'NGAMATE', NULL, NULL, NULL),
(631, 'Nganga Mburu', NULL, NULL, NULL),
(632, 'NGANGA MUNYU', NULL, NULL, NULL),
(633, 'Ngatho Gicheru', NULL, NULL, NULL),
(634, 'Ngatia Kamau', NULL, NULL, NULL),
(635, 'Nicholas Gichuhi', NULL, NULL, NULL),
(636, 'NICHOLUS KAAKA KARORE', NULL, NULL, NULL),
(637, 'NICHOLUS TOO', NULL, NULL, NULL),
(638, 'Nickodemus Muithaga Kuria', NULL, NULL, NULL),
(639, 'NICODEMUS OKARA', NULL, NULL, NULL),
(640, 'NINAH', NULL, NULL, NULL),
(641, 'NJERI', NULL, NULL, NULL),
(642, 'Njoroge Rasta', NULL, NULL, NULL),
(643, 'Njoroge Wacuru', NULL, NULL, NULL),
(644, 'Njuguna Ngugi', NULL, NULL, NULL),
(645, 'NKATANA', NULL, NULL, NULL),
(646, 'Norah Sinkira', NULL, NULL, NULL),
(647, 'Nyaga', NULL, NULL, NULL),
(648, 'NYAGA EDWARD', NULL, NULL, NULL),
(649, 'Nyaga Francis', NULL, NULL, NULL),
(650, 'OBADIAH MOTEL', NULL, NULL, NULL),
(651, 'Okello Flats', NULL, NULL, NULL),
(652, 'OLIVE', NULL, NULL, NULL),
(653, 'Oloosurutia Hotel', NULL, NULL, NULL),
(654, 'OMBASO', NULL, NULL, NULL),
(655, 'Ombaso Flats', NULL, NULL, NULL),
(656, 'Onesmus Gitonga', NULL, '22018382', NULL),
(657, 'Onesmus mbogo', NULL, '22895292', NULL),
(658, 'Orumoi Maiyan', NULL, NULL, NULL),
(659, 'OSAKA 8', NULL, '0', NULL),
(660, 'Oscar Ahere', NULL, NULL, NULL),
(661, 'Otero Matunda', NULL, NULL, NULL),
(662, 'PAMELA KASUKU', NULL, NULL, NULL),
(663, 'Partricia Mwende', NULL, NULL, NULL),
(664, 'PASTOR JOSEPH GITAU', NULL, NULL, NULL),
(665, 'Pastor Richard Matheri', NULL, NULL, NULL),
(666, 'Patrick Kimondo', NULL, '24825403', NULL),
(667, 'PATRICK MATHENGE', NULL, NULL, NULL),
(668, 'PATRICK NDIANGUI', NULL, NULL, NULL),
(669, 'Patrick Ndirangu Kamau', NULL, NULL, NULL),
(670, 'PATRICK NGOTHE', NULL, '10876721', NULL),
(671, 'PAUL AMBATSA', NULL, '14416253', NULL),
(672, 'PAUL B JIRANI', NULL, '0', NULL),
(673, 'PAUL GACHEGUA', NULL, NULL, NULL),
(674, 'Paul Kamau Ndura', NULL, NULL, NULL),
(675, 'Paul Karanja', NULL, NULL, NULL),
(676, 'Paul Kibathi', NULL, NULL, NULL),
(677, 'Paul Kimani', NULL, NULL, NULL),
(678, 'Paul Lemaiyan', NULL, NULL, NULL),
(679, 'Paul N Mocho', NULL, NULL, NULL),
(680, 'Paul Ngamate', NULL, NULL, NULL),
(681, 'Paul Njanjo', NULL, NULL, NULL),
(682, 'PAUL NJENGA NGANGA', NULL, NULL, NULL),
(683, 'PAUL ROSHA', NULL, '0', NULL),
(684, 'Pauline Wambui Muthike', NULL, NULL, NULL),
(685, 'PCEA KISERIAN PARISH', NULL, NULL, NULL),
(686, 'Peggy Ngaira', NULL, NULL, NULL),
(687, 'Penina Mwangeli Nzoka', NULL, NULL, NULL),
(688, 'PERIS D OKWOROH', NULL, NULL, NULL),
(689, 'Peris Wangui', NULL, '201833737', NULL),
(690, 'PETER $ JANE KSRIUKI', NULL, NULL, NULL),
(691, 'PETER BURUGU', NULL, NULL, NULL),
(692, 'Peter Chiira Kamau', NULL, NULL, NULL),
(693, 'Peter Irungu', NULL, NULL, NULL),
(694, 'Peter K Kimata', NULL, NULL, NULL),
(695, 'Peter Kamau', NULL, NULL, NULL),
(696, 'Peter Kiamani Njuruba', NULL, NULL, NULL),
(697, 'PETER KIONGO', NULL, NULL, NULL),
(698, 'Peter Kuria', NULL, NULL, NULL),
(699, 'PETER MAINA MWANGI', NULL, NULL, NULL),
(700, 'Peter Muigai Kiongo', NULL, NULL, NULL),
(701, 'Peter Muli', NULL, NULL, NULL),
(702, 'Peter Mungai Kiogo', NULL, NULL, NULL),
(703, 'Peter Munyuira', NULL, NULL, NULL),
(704, 'PETER MWANGI', NULL, NULL, NULL),
(705, 'Peter Mwangi Macharia', NULL, '2193084', NULL),
(706, 'PETER MWETHI HOME', NULL, NULL, NULL),
(707, 'Peter Ndegwa Wanjohi', NULL, NULL, NULL),
(708, 'PETER NDUATI', NULL, NULL, NULL),
(709, 'PETER NGANGA ( WAMAINA)', NULL, NULL, NULL),
(710, 'PETER NGENO', NULL, NULL, NULL),
(711, 'PETER NJENGA', NULL, '27357867', NULL),
(712, 'PETER NJENGA KUNGU', NULL, NULL, NULL),
(713, 'PETER NJOGU NJAU', NULL, '0', NULL),
(714, 'Peter Ouma', NULL, '34933642', NULL),
(715, 'Peter Wachura Thiongo', NULL, '23900972', NULL),
(716, 'PETER WAKABA', NULL, NULL, NULL),
(717, 'Peter Wanjohi', NULL, NULL, NULL),
(718, 'PETERSON KARIUKI', NULL, NULL, NULL),
(719, 'PHILLEMON KIBET', NULL, NULL, NULL),
(720, 'PHILLEMON KIMTAI', NULL, NULL, NULL),
(721, 'Phillip Kiarie Nyoike', NULL, '22030294', NULL),
(722, 'Philomena Mbui', NULL, NULL, NULL),
(723, 'PHILOMENA NJOKI', NULL, NULL, NULL),
(724, 'Philothea Misionary Society', NULL, NULL, NULL),
(725, 'Phylis Gathoni Wanjiku', NULL, NULL, NULL),
(726, 'Phylis Korir', NULL, NULL, NULL),
(727, 'PHYLIS NYAMBURA', NULL, NULL, NULL),
(728, 'PIUS SIGEI', NULL, NULL, NULL),
(729, 'PM NJENGA', NULL, NULL, NULL),
(730, 'POLYCARP MATARA', NULL, '23947991', NULL),
(731, 'Precilla Njeri Karanja', NULL, NULL, NULL),
(732, 'Pricilla Mwangi', NULL, NULL, NULL),
(733, 'RACHAEL LANGAT', NULL, NULL, NULL),
(734, 'Rahab Nathaniel', NULL, NULL, NULL),
(735, 'RAHAB WANJIKU MWAURA', NULL, NULL, NULL),
(736, 'Raphael Chege', NULL, NULL, NULL),
(737, 'Raphael Lassitt', NULL, NULL, NULL),
(738, 'Receca Muchiri', NULL, NULL, NULL),
(739, 'REHEMA HOUSE RESCUE CENTRE', NULL, NULL, NULL),
(740, 'REUBEN MAIYENDA', NULL, NULL, NULL),
(741, 'Rev Samuel Tirus Ngugi', NULL, '3347493', NULL),
(742, 'REV STEPHEN MAINGI', NULL, NULL, NULL),
(743, 'Richard K Kirui', NULL, NULL, NULL),
(744, 'Rispa Flora Maroko', NULL, NULL, NULL),
(745, 'ROBBINSON KAMAU', NULL, NULL, NULL),
(746, 'Robert Kiprotich Bett', NULL, NULL, NULL),
(747, 'Robinson Mbundi', NULL, NULL, NULL),
(748, 'Rogers Mongusu', NULL, '11382224', NULL),
(749, 'Rose Nyakweya Kagera', NULL, NULL, NULL),
(750, 'Rose Wambui Njagi', NULL, NULL, NULL),
(751, 'ROSE WANGECI KIMAMO ( POPE METAL', NULL, NULL, NULL),
(752, 'ROSE WANJIRU MUNGAI', NULL, NULL, NULL),
(753, 'ROSELINE NAEKU', NULL, '2160942', NULL),
(754, 'Rosemary Barasa', NULL, '720145347', NULL),
(755, 'ROSEMARY NYOKABI', NULL, NULL, NULL),
(756, 'Rosina Wakio Nyambu', NULL, NULL, NULL),
(757, 'Ruphas Geoffrey Waweru Njuguna', NULL, NULL, NULL),
(758, 'Rurumo', NULL, NULL, NULL),
(759, 'Ruth Wanjiru Gathee', NULL, NULL, NULL),
(760, 'SABINAH MBUGUAH', NULL, NULL, NULL),
(761, 'Saitoi Home', NULL, NULL, NULL),
(762, 'Saitoti Plot', NULL, NULL, NULL),
(763, 'Salome Chira', NULL, NULL, NULL),
(764, 'Salome Muthoni', NULL, NULL, NULL),
(765, 'Salome Waithera Githiomi', NULL, NULL, NULL),
(766, 'SALOME WAMBUI MANDI', NULL, '12524884', NULL),
(767, 'SAMMY KIMANI', NULL, NULL, NULL),
(768, 'Sammy musyoka', NULL, NULL, NULL),
(769, 'SAMSON OLENDO', NULL, NULL, NULL),
(770, 'Samuel Barasa', NULL, NULL, NULL),
(771, 'Samuel Ndungu Muhia', NULL, NULL, NULL),
(772, 'Samuel Ngugi', NULL, NULL, NULL),
(773, 'Samuel Njoroge', NULL, NULL, NULL),
(774, 'SAMWEL MUCHANGI', NULL, NULL, NULL),
(775, 'SARAH W MBUGUAH', NULL, NULL, NULL),
(776, 'Scholastica W Kimani', NULL, NULL, NULL),
(777, 'SDA KISERIAN', NULL, NULL, NULL),
(778, 'Shadrach Mutunga', NULL, NULL, NULL),
(779, 'Shompole House', NULL, NULL, NULL),
(780, 'Silanga', NULL, NULL, NULL),
(781, 'SILVANUS MWAU', NULL, NULL, NULL),
(782, 'Silvester Wambua Mutunga', NULL, NULL, NULL),
(783, 'SIMMON K KARIUKI', NULL, NULL, NULL),
(784, 'Simon', NULL, NULL, NULL),
(785, 'Simon Gichanga Ndungi', NULL, NULL, NULL),
(786, 'SIMON GITAU MWANGI', NULL, NULL, NULL),
(787, 'SIMON KAMAU', NULL, '3429760', NULL),
(788, 'Simon Karasha', NULL, NULL, NULL),
(789, 'Simon Kibe', NULL, '710751', NULL),
(790, 'Simon Kinyua', NULL, NULL, NULL),
(791, 'Simon M Githinji', NULL, NULL, NULL),
(792, 'SIMON MBAI', NULL, NULL, NULL),
(793, 'Simon Muiruri', NULL, NULL, NULL),
(794, 'SIMON MURIITHI', NULL, '0', NULL),
(795, 'Simon Mwangi Kimani', NULL, NULL, NULL),
(796, 'SK MBURU', NULL, NULL, NULL),
(797, 'SOKORO', NULL, '0', NULL),
(798, 'Solomon Thiongo Njoroge', NULL, '1856771', NULL),
(799, 'St Barnabas Catholic Church', NULL, '6848871', NULL),
(800, 'St Joan Academy', NULL, NULL, NULL),
(801, 'STANLEY MWANGI', NULL, NULL, NULL),
(802, 'Stanley Ndingori Wanjiku', NULL, NULL, NULL),
(803, 'STEPHEN AKAKA', NULL, NULL, NULL),
(804, 'STEPHEN GITAU', NULL, NULL, NULL),
(805, 'Stephen K Muritu', NULL, NULL, NULL),
(806, 'STEPHEN KAPANDE', NULL, NULL, NULL),
(807, 'Stephen Karanja', NULL, NULL, NULL),
(808, 'STEPHEN KIIRU', NULL, NULL, NULL),
(809, 'Stephen Macharia', NULL, NULL, NULL),
(810, 'STEPHEN MUIGAI', NULL, '985506', NULL),
(811, 'Stephen Mungai Njeri', NULL, NULL, NULL),
(812, 'Stephen Munyiri', NULL, '4843787', NULL),
(813, 'Stephen Mutiso', NULL, NULL, NULL),
(814, 'Stephen Ngatho', NULL, NULL, NULL),
(815, 'STEPHEN WAWIRE', NULL, NULL, NULL),
(816, 'SUSAN', NULL, NULL, NULL),
(817, 'Susan Naipanui', NULL, NULL, NULL),
(818, 'Tabitha Mbugua', NULL, NULL, NULL),
(819, 'TABITHA NYAMURA', NULL, NULL, NULL),
(820, 'Teresia Muraba', NULL, NULL, NULL),
(821, 'Teresia Wambui', NULL, NULL, NULL),
(822, 'TERESIA WANJIRU WAMBAA', NULL, NULL, NULL),
(823, 'THOMAS KUNG''U', NULL, NULL, NULL),
(824, 'Timmen Ibrahim', NULL, NULL, NULL),
(825, 'TIMOTHY KARANJA', NULL, NULL, NULL),
(826, 'TIMOTHY NGIGI', NULL, NULL, NULL),
(827, 'Titus Wambugu Mboithi', NULL, NULL, NULL),
(828, 'Toima Home', NULL, NULL, NULL),
(829, 'Toima Plot', NULL, NULL, NULL),
(830, 'TOM ABUGA', NULL, NULL, NULL),
(831, 'TOM MWENESI', NULL, NULL, NULL),
(832, 'Tom Okumu', NULL, NULL, NULL),
(833, 'TONNY HOTEL NGONG', NULL, NULL, NULL),
(834, 'Tony Guest', NULL, NULL, NULL),
(835, 'Tree Shade', NULL, NULL, NULL),
(836, 'UP WATER KIOSK', NULL, NULL, NULL),
(837, 'Vellington Otieno', NULL, NULL, NULL),
(838, 'Veronica Njeri', NULL, '2017105106', NULL),
(839, 'Viginia Macharia', NULL, NULL, NULL),
(840, 'Vincent Assa Nyamasege', NULL, NULL, NULL),
(841, 'VINCENT O OGOTI', NULL, NULL, NULL),
(842, 'Vista Concrete', NULL, NULL, NULL),
(843, 'WA ZIPPORAH', NULL, '0', NULL),
(844, 'WACHAMA GACHEGUA', NULL, NULL, NULL),
(845, 'Wahinya', NULL, NULL, NULL),
(846, 'WAHU KAARA', NULL, '0', NULL),
(847, 'Waithaka Kamukuru', NULL, NULL, NULL),
(848, 'WAMAKOMBE ALEXANDER', NULL, NULL, NULL),
(849, 'WAMBUI', NULL, '0', NULL),
(850, 'WAMBUI WANDERI', NULL, NULL, NULL),
(851, 'Wanderi Kaguka', NULL, NULL, NULL),
(852, 'Wanjiru Kimani', NULL, NULL, NULL),
(853, 'Washington', NULL, NULL, NULL),
(854, 'WHEELSMAN GARAGE', NULL, NULL, NULL),
(855, 'Wilfred Njenga', NULL, NULL, NULL),
(856, 'William Kamau', NULL, NULL, NULL),
(857, 'WILLIAM KARIUKI WAMBUI', NULL, '22415732', NULL),
(858, 'WILLIAM MUNGAI', NULL, NULL, NULL),
(859, 'William Ngugi Kirumba', NULL, NULL, NULL),
(860, 'Wilson Kigo', NULL, NULL, NULL),
(861, 'WILSON OSORO', NULL, NULL, NULL),
(862, 'Winfred Waithera', NULL, NULL, NULL),
(863, 'yophes Nyamari Obara', NULL, '11294536', NULL),
(864, 'ZACCHEAUS KOECH', NULL, NULL, NULL),
(865, 'Zackayo Karangi Gacheru', NULL, NULL, NULL),
(866, 'Zipporah Wangui Maina', NULL, NULL, NULL),
(867, 'Ziprosa Njeri Ihiga', NULL, NULL, NULL);

-- --------------------------------------------------------

--
-- Table structure for table `client_phone`
--

CREATE TABLE IF NOT EXISTS `client_phone` (
  `client_phone` int(11) NOT NULL,
  `client` int(11) NOT NULL,
  `phone` int(11) NOT NULL,
  `valid` int(1) NOT NULL
) ENGINE=InnoDB AUTO_INCREMENT=699 DEFAULT CHARSET=latin1;

--
-- Dumping data for table `client_phone`
--

INSERT INTO `client_phone` (`client_phone`, `client`, `phone`, `valid`) VALUES
(1, 2, 1, 0),
(2, 3, 2, 0),
(3, 4, 3, 0),
(4, 5, 4, 0),
(5, 6, 5, 0),
(6, 8, 6, 0),
(7, 9, 7, 0),
(8, 10, 8, 0),
(9, 11, 9, 0),
(10, 12, 10, 0),
(11, 14, 11, 0),
(12, 15, 12, 0),
(13, 16, 13, 0),
(14, 17, 14, 0),
(15, 18, 15, 0),
(16, 20, 16, 0),
(17, 21, 17, 0),
(18, 24, 18, 0),
(19, 25, 19, 0),
(20, 26, 20, 0),
(21, 27, 21, 0),
(22, 29, 22, 0),
(23, 30, 3, 0),
(24, 31, 23, 0),
(25, 32, 24, 0),
(26, 33, 25, 0),
(27, 33, 26, 0),
(28, 34, 27, 0),
(29, 35, 28, 0),
(30, 36, 29, 0),
(31, 37, 30, 0),
(32, 38, 31, 0),
(33, 39, 32, 0),
(34, 41, 33, 0),
(35, 42, 34, 0),
(36, 43, 35, 0),
(37, 44, 36, 0),
(38, 45, 37, 0),
(39, 46, 38, 0),
(40, 47, 39, 0),
(41, 49, 40, 0),
(42, 50, 41, 0),
(43, 51, 42, 0),
(44, 51, 43, 0),
(45, 52, 44, 0),
(46, 53, 45, 0),
(47, 54, 46, 0),
(48, 55, 47, 0),
(49, 57, 48, 0),
(50, 58, 49, 0),
(51, 59, 50, 0),
(52, 61, 51, 0),
(53, 62, 52, 0),
(54, 63, 53, 0),
(55, 64, 54, 0),
(56, 65, 55, 0),
(57, 66, 56, 0),
(58, 67, 57, 0),
(59, 68, 58, 0),
(60, 69, 59, 0),
(61, 70, 60, 0),
(62, 71, 61, 0),
(63, 72, 62, 0),
(64, 73, 63, 0),
(65, 74, 64, 0),
(66, 75, 65, 0),
(67, 76, 66, 0),
(68, 78, 67, 0),
(69, 79, 68, 0),
(70, 80, 69, 0),
(71, 81, 70, 0),
(72, 82, 71, 0),
(73, 83, 72, 0),
(74, 84, 73, 0),
(75, 86, 74, 0),
(76, 87, 75, 0),
(77, 90, 76, 0),
(78, 92, 77, 0),
(79, 94, 78, 0),
(80, 95, 79, 0),
(81, 97, 80, 0),
(82, 98, 81, 0),
(83, 99, 82, 0),
(84, 100, 83, 0),
(85, 101, 84, 0),
(86, 103, 85, 0),
(87, 104, 86, 0),
(88, 105, 86, 0),
(89, 106, 87, 0),
(90, 109, 88, 0),
(91, 110, 89, 0),
(92, 111, 90, 0),
(93, 112, 91, 0),
(94, 113, 92, 0),
(95, 114, 93, 0),
(96, 115, 94, 0),
(97, 116, 95, 0),
(98, 117, 96, 0),
(99, 118, 97, 0),
(100, 120, 98, 0),
(101, 121, 99, 0),
(102, 122, 100, 0),
(103, 123, 101, 0),
(104, 124, 102, 0),
(105, 127, 103, 0),
(106, 128, 104, 0),
(107, 129, 105, 0),
(108, 131, 106, 0),
(109, 131, 107, 0),
(110, 132, 108, 0),
(111, 133, 109, 0),
(112, 134, 110, 0),
(113, 136, 111, 0),
(114, 137, 112, 0),
(115, 138, 113, 0),
(116, 139, 114, 0),
(117, 140, 114, 0),
(118, 141, 115, 0),
(119, 142, 116, 0),
(120, 143, 117, 0),
(121, 144, 118, 0),
(122, 145, 119, 0),
(123, 146, 120, 0),
(124, 147, 121, 0),
(125, 148, 122, 0),
(126, 150, 123, 0),
(127, 151, 124, 0),
(128, 154, 125, 0),
(129, 155, 124, 0),
(130, 157, 126, 0),
(131, 158, 127, 0),
(132, 159, 128, 0),
(133, 160, 129, 0),
(134, 161, 130, 0),
(135, 162, 131, 0),
(136, 163, 132, 0),
(137, 165, 133, 0),
(138, 166, 134, 0),
(139, 167, 135, 0),
(140, 169, 136, 0),
(141, 170, 137, 0),
(142, 171, 138, 0),
(143, 174, 139, 0),
(144, 175, 140, 0),
(145, 176, 141, 0),
(146, 177, 142, 0),
(147, 178, 143, 0),
(148, 179, 144, 0),
(149, 180, 145, 0),
(150, 181, 146, 0),
(151, 182, 147, 0),
(152, 183, 148, 0),
(153, 187, 149, 0),
(154, 188, 150, 0),
(155, 189, 151, 0),
(156, 192, 152, 0),
(157, 194, 153, 0),
(158, 195, 154, 0),
(159, 196, 155, 0),
(160, 199, 156, 0),
(161, 200, 157, 0),
(162, 201, 158, 0),
(163, 202, 159, 0),
(164, 203, 160, 0),
(165, 204, 161, 0),
(166, 205, 162, 0),
(167, 206, 163, 0),
(168, 209, 164, 0),
(169, 210, 165, 0),
(170, 211, 166, 0),
(171, 213, 167, 0),
(172, 214, 168, 0),
(173, 215, 169, 0),
(174, 216, 170, 0),
(175, 217, 171, 0),
(176, 218, 172, 0),
(177, 219, 173, 0),
(178, 221, 174, 0),
(179, 222, 175, 0),
(180, 223, 176, 0),
(181, 224, 177, 0),
(182, 225, 178, 0),
(183, 229, 179, 0),
(184, 230, 180, 0),
(185, 233, 181, 0),
(186, 234, 182, 0),
(187, 235, 183, 0),
(188, 236, 184, 0),
(189, 237, 185, 0),
(190, 238, 186, 0),
(191, 239, 187, 0),
(192, 241, 188, 0),
(193, 242, 189, 0),
(194, 243, 190, 0),
(195, 244, 191, 0),
(196, 245, 192, 0),
(197, 246, 193, 0),
(198, 247, 194, 0),
(199, 248, 195, 0),
(200, 249, 196, 0),
(201, 250, 197, 0),
(202, 251, 198, 0),
(203, 252, 199, 0),
(204, 253, 200, 0),
(205, 254, 201, 0),
(206, 255, 202, 0),
(207, 256, 203, 0),
(208, 257, 204, 0),
(209, 258, 205, 0),
(210, 259, 206, 0),
(211, 260, 207, 0),
(212, 261, 208, 0),
(213, 262, 209, 0),
(214, 263, 210, 0),
(215, 264, 211, 0),
(216, 265, 212, 0),
(217, 266, 213, 0),
(218, 268, 214, 0),
(219, 269, 215, 0),
(220, 271, 216, 0),
(221, 272, 217, 0),
(222, 274, 218, 0),
(223, 275, 218, 0),
(224, 276, 219, 0),
(225, 278, 220, 0),
(226, 279, 221, 0),
(227, 280, 222, 0),
(228, 282, 223, 0),
(229, 283, 224, 0),
(230, 284, 225, 0),
(231, 285, 226, 0),
(232, 286, 227, 0),
(233, 287, 227, 0),
(234, 288, 228, 0),
(235, 289, 229, 0),
(236, 290, 230, 0),
(237, 291, 231, 0),
(238, 292, 232, 0),
(239, 293, 233, 0),
(240, 294, 234, 0),
(241, 296, 235, 0),
(242, 297, 236, 0),
(243, 298, 237, 0),
(244, 299, 238, 0),
(245, 300, 239, 0),
(246, 301, 240, 0),
(247, 303, 240, 0),
(248, 304, 241, 0),
(249, 306, 242, 0),
(250, 307, 243, 0),
(251, 308, 244, 0),
(252, 309, 245, 0),
(253, 310, 246, 0),
(254, 311, 247, 0),
(255, 312, 248, 0),
(256, 313, 249, 0),
(257, 314, 250, 0),
(258, 315, 251, 0),
(259, 317, 252, 0),
(260, 318, 253, 0),
(261, 319, 254, 0),
(262, 321, 255, 0),
(263, 322, 256, 0),
(264, 323, 257, 0),
(265, 324, 258, 0),
(266, 325, 259, 0),
(267, 326, 260, 0),
(268, 328, 261, 0),
(269, 329, 262, 0),
(270, 331, 263, 0),
(271, 332, 264, 0),
(272, 333, 264, 0),
(273, 334, 265, 0),
(274, 334, 266, 0),
(275, 336, 267, 0),
(276, 337, 268, 0),
(277, 338, 269, 0),
(278, 339, 270, 0),
(279, 341, 271, 0),
(280, 342, 272, 0),
(281, 343, 273, 0),
(282, 344, 274, 0),
(283, 345, 275, 0),
(284, 346, 276, 0),
(285, 347, 277, 0),
(286, 348, 278, 0),
(287, 349, 279, 0),
(288, 351, 280, 0),
(289, 352, 281, 0),
(290, 354, 282, 0),
(291, 355, 283, 0),
(292, 356, 284, 0),
(293, 357, 285, 0),
(294, 358, 286, 0),
(295, 359, 287, 0),
(296, 360, 288, 0),
(297, 361, 289, 0),
(298, 362, 290, 0),
(299, 363, 291, 0),
(300, 364, 292, 0),
(301, 365, 293, 0),
(302, 366, 294, 0),
(303, 367, 295, 0),
(304, 368, 296, 0),
(305, 369, 297, 0),
(306, 370, 298, 0),
(307, 371, 299, 0),
(308, 373, 300, 0),
(309, 374, 301, 0),
(310, 375, 302, 0),
(311, 376, 303, 0),
(312, 378, 304, 0),
(313, 380, 305, 0),
(314, 381, 306, 0),
(315, 382, 307, 0),
(316, 383, 308, 0),
(317, 384, 309, 0),
(318, 385, 310, 0),
(319, 386, 311, 0),
(320, 387, 312, 0),
(321, 388, 313, 0),
(322, 389, 314, 0),
(323, 390, 315, 0),
(324, 392, 316, 0),
(325, 393, 317, 0),
(326, 394, 318, 0),
(327, 394, 319, 0),
(328, 395, 320, 0),
(329, 396, 321, 0),
(330, 397, 322, 0),
(331, 398, 323, 0),
(332, 399, 324, 0),
(333, 400, 325, 0),
(334, 401, 326, 0),
(335, 402, 327, 0),
(336, 402, 328, 0),
(337, 402, 329, 0),
(338, 403, 330, 0),
(339, 405, 331, 0),
(340, 406, 332, 0),
(341, 407, 333, 0),
(342, 408, 334, 0),
(343, 410, 335, 0),
(344, 411, 336, 0),
(345, 412, 337, 0),
(346, 413, 338, 0),
(347, 414, 339, 0),
(348, 415, 340, 0),
(349, 417, 341, 0),
(350, 418, 342, 0),
(351, 420, 343, 0),
(352, 421, 344, 0),
(353, 422, 345, 0),
(354, 423, 346, 0),
(355, 424, 347, 0),
(356, 426, 348, 0),
(357, 428, 349, 0),
(358, 429, 350, 0),
(359, 430, 351, 0),
(360, 431, 352, 0),
(361, 433, 353, 0),
(362, 434, 354, 0),
(363, 435, 355, 0),
(364, 436, 356, 0),
(365, 437, 357, 0),
(366, 439, 358, 0),
(367, 441, 359, 0),
(368, 447, 212, 0),
(369, 448, 360, 0),
(370, 449, 361, 0),
(371, 450, 362, 0),
(372, 451, 363, 0),
(373, 452, 364, 0),
(374, 453, 365, 0),
(375, 454, 366, 0),
(376, 455, 367, 0),
(377, 456, 368, 0),
(378, 457, 369, 0),
(379, 458, 370, 0),
(380, 459, 371, 0),
(381, 460, 372, 0),
(382, 461, 373, 0),
(383, 462, 374, 0),
(384, 463, 375, 0),
(385, 465, 376, 0),
(386, 466, 377, 0),
(387, 467, 378, 0),
(388, 468, 379, 0),
(389, 469, 380, 0),
(390, 470, 381, 0),
(391, 471, 382, 0),
(392, 473, 383, 0),
(393, 474, 384, 0),
(394, 476, 385, 0),
(395, 477, 386, 0),
(396, 478, 387, 0),
(397, 480, 388, 0),
(398, 481, 216, 0),
(399, 484, 389, 0),
(400, 485, 389, 0),
(401, 486, 390, 0),
(402, 489, 391, 0),
(403, 490, 392, 0),
(404, 491, 393, 0),
(405, 492, 394, 0),
(406, 494, 395, 0),
(407, 496, 396, 0),
(408, 497, 397, 0),
(409, 498, 398, 0),
(410, 499, 399, 0),
(411, 500, 400, 0),
(412, 501, 401, 0),
(413, 502, 402, 0),
(414, 503, 403, 0),
(415, 504, 404, 0),
(416, 506, 405, 0),
(417, 507, 406, 0),
(418, 508, 407, 0),
(419, 509, 408, 0),
(420, 511, 409, 0),
(421, 517, 410, 0),
(422, 520, 411, 0),
(423, 521, 412, 0),
(424, 523, 413, 0),
(425, 524, 414, 0),
(426, 525, 415, 0),
(427, 527, 416, 0),
(428, 530, 417, 0),
(429, 533, 418, 0),
(430, 534, 419, 0),
(431, 535, 420, 0),
(432, 536, 421, 0),
(433, 537, 422, 0),
(434, 538, 423, 0),
(435, 539, 424, 0),
(436, 540, 425, 0),
(437, 541, 426, 0),
(438, 542, 427, 0),
(439, 543, 428, 0),
(440, 544, 429, 0),
(441, 546, 430, 0),
(442, 547, 431, 0),
(443, 548, 432, 0),
(444, 549, 433, 0),
(445, 550, 434, 0),
(446, 551, 435, 0),
(447, 552, 308, 0),
(448, 553, 436, 0),
(449, 554, 437, 0),
(450, 555, 438, 0),
(451, 556, 439, 0),
(452, 557, 440, 0),
(453, 558, 441, 0),
(454, 559, 442, 0),
(455, 560, 443, 0),
(456, 562, 340, 0),
(457, 563, 444, 0),
(458, 564, 445, 0),
(459, 566, 446, 0),
(460, 567, 447, 0),
(461, 568, 448, 0),
(462, 570, 449, 0),
(463, 571, 450, 0),
(464, 571, 451, 0),
(465, 572, 452, 0),
(466, 573, 453, 0),
(467, 574, 454, 0),
(468, 575, 455, 0),
(469, 576, 456, 0),
(470, 577, 457, 0),
(471, 579, 458, 0),
(472, 580, 459, 0),
(473, 581, 460, 0),
(474, 583, 461, 0),
(475, 584, 462, 0),
(476, 585, 463, 0),
(477, 586, 464, 0),
(478, 587, 465, 0),
(479, 588, 466, 0),
(480, 589, 467, 0),
(481, 590, 468, 0),
(482, 591, 469, 0),
(483, 592, 470, 0),
(484, 593, 471, 0),
(485, 595, 472, 0),
(486, 596, 473, 0),
(487, 597, 474, 0),
(488, 599, 210, 0),
(489, 600, 475, 0),
(490, 604, 476, 0),
(491, 605, 477, 0),
(492, 606, 478, 0),
(493, 609, 479, 0),
(494, 610, 480, 0),
(495, 611, 481, 0),
(496, 612, 482, 0),
(497, 613, 483, 0),
(498, 614, 484, 0),
(499, 615, 485, 0),
(500, 616, 486, 0),
(501, 619, 487, 0),
(502, 620, 488, 0),
(503, 621, 489, 0),
(504, 623, 490, 0),
(505, 624, 491, 0),
(506, 625, 492, 0),
(507, 626, 493, 0),
(508, 627, 494, 0),
(509, 628, 495, 0),
(510, 629, 496, 0),
(511, 629, 497, 0),
(512, 630, 498, 0),
(513, 631, 499, 0),
(514, 632, 500, 0),
(515, 633, 501, 0),
(516, 634, 502, 0),
(517, 635, 503, 0),
(518, 636, 504, 0),
(519, 638, 505, 0),
(520, 639, 506, 0),
(521, 640, 507, 0),
(522, 642, 508, 0),
(523, 643, 509, 0),
(524, 646, 510, 0),
(525, 648, 511, 0),
(526, 649, 512, 0),
(527, 650, 513, 0),
(528, 651, 514, 0),
(529, 652, 515, 0),
(530, 654, 516, 0),
(531, 655, 517, 0),
(532, 656, 518, 0),
(533, 657, 519, 0),
(534, 658, 520, 0),
(535, 660, 521, 0),
(536, 661, 459, 0),
(537, 662, 522, 0),
(538, 663, 523, 0),
(539, 664, 524, 0),
(540, 665, 525, 0),
(541, 666, 526, 0),
(542, 667, 527, 0),
(543, 669, 528, 0),
(544, 670, 529, 0),
(545, 671, 530, 0),
(546, 673, 531, 0),
(547, 674, 532, 0),
(548, 675, 533, 0),
(549, 676, 534, 0),
(550, 677, 535, 0),
(551, 678, 536, 0),
(552, 679, 537, 0),
(553, 680, 536, 0),
(554, 682, 538, 0),
(555, 683, 539, 0),
(556, 684, 540, 0),
(557, 685, 541, 0),
(558, 686, 542, 0),
(559, 687, 543, 0),
(560, 689, 22, 0),
(561, 689, 544, 0),
(562, 690, 170, 0),
(563, 691, 545, 0),
(564, 692, 546, 0),
(565, 693, 547, 0),
(566, 695, 548, 0),
(567, 696, 549, 0),
(568, 697, 550, 0),
(569, 698, 551, 0),
(570, 700, 552, 0),
(571, 701, 553, 0),
(572, 702, 552, 0),
(573, 703, 554, 0),
(574, 704, 555, 0),
(575, 705, 556, 0),
(576, 706, 557, 0),
(577, 707, 558, 0),
(578, 709, 559, 0),
(579, 710, 560, 0),
(580, 711, 561, 0),
(581, 712, 562, 0),
(582, 713, 563, 0),
(583, 714, 564, 0),
(584, 715, 565, 0),
(585, 716, 566, 0),
(586, 717, 567, 0),
(587, 718, 568, 0),
(588, 719, 569, 0),
(589, 720, 570, 0),
(590, 721, 571, 0),
(591, 722, 572, 0),
(592, 723, 573, 0),
(593, 724, 574, 0),
(594, 725, 575, 0),
(595, 726, 576, 0),
(596, 727, 577, 0),
(597, 728, 578, 0),
(598, 730, 579, 0),
(599, 731, 580, 0),
(600, 731, 581, 0),
(601, 732, 582, 0),
(602, 733, 583, 0),
(603, 734, 584, 0),
(604, 735, 585, 0),
(605, 737, 586, 0),
(606, 738, 587, 0),
(607, 739, 588, 0),
(608, 740, 589, 0),
(609, 741, 590, 0),
(610, 742, 591, 0),
(611, 743, 592, 0),
(612, 744, 593, 0),
(613, 746, 594, 0),
(614, 747, 595, 0),
(615, 748, 596, 0),
(616, 749, 597, 0),
(617, 751, 598, 0),
(618, 753, 599, 0),
(619, 754, 600, 0),
(620, 756, 601, 0),
(621, 758, 602, 0),
(622, 763, 603, 0),
(623, 764, 604, 0),
(624, 766, 605, 0),
(625, 768, 606, 0),
(626, 769, 607, 0),
(627, 770, 608, 0),
(628, 771, 609, 0),
(629, 772, 610, 0),
(630, 773, 611, 0),
(631, 774, 612, 0),
(632, 775, 613, 0),
(633, 777, 614, 0),
(634, 778, 615, 0),
(635, 781, 616, 0),
(636, 782, 617, 0),
(637, 786, 618, 0),
(638, 787, 619, 0),
(639, 788, 620, 0),
(640, 789, 621, 0),
(641, 790, 622, 0),
(642, 791, 623, 0),
(643, 794, 624, 0),
(644, 795, 625, 0),
(645, 796, 626, 0),
(646, 797, 627, 0),
(647, 798, 628, 0),
(648, 800, 629, 0),
(649, 801, 630, 0),
(650, 802, 574, 0),
(651, 803, 631, 0),
(652, 804, 632, 0),
(653, 805, 633, 0),
(654, 806, 634, 0),
(655, 807, 635, 0),
(656, 808, 636, 0),
(657, 809, 637, 0),
(658, 810, 638, 0),
(659, 811, 639, 0),
(660, 812, 640, 0),
(661, 813, 641, 0),
(662, 815, 642, 0),
(663, 817, 643, 0),
(664, 820, 644, 0),
(665, 822, 645, 0),
(666, 823, 646, 0),
(667, 825, 647, 0),
(668, 827, 648, 0),
(669, 830, 649, 0),
(670, 831, 650, 0),
(671, 832, 651, 0),
(672, 833, 652, 0),
(673, 835, 148, 0),
(674, 837, 653, 0),
(675, 838, 654, 0),
(676, 839, 655, 0),
(677, 840, 656, 0),
(678, 841, 657, 0),
(679, 842, 658, 0),
(680, 844, 659, 0),
(681, 846, 660, 0),
(682, 848, 661, 0),
(683, 851, 662, 0),
(684, 852, 663, 0),
(685, 853, 664, 0),
(686, 855, 665, 0),
(687, 856, 666, 0),
(688, 857, 667, 0),
(689, 858, 668, 0),
(690, 859, 669, 0),
(691, 860, 670, 0),
(692, 861, 671, 0),
(693, 862, 672, 0),
(694, 863, 673, 0),
(695, 864, 674, 0),
(696, 865, 675, 0),
(697, 866, 676, 0),
(698, 867, 677, 0);

-- --------------------------------------------------------

--
-- Table structure for table `closing_balance`
--

CREATE TABLE IF NOT EXISTS `closing_balance` (
  `closing_balance` int(11) NOT NULL,
  `client` int(11) NOT NULL,
  `date` date NOT NULL,
  `amount` double DEFAULT NULL,
  `timestamp` timestamp NOT NULL DEFAULT CURRENT_TIMESTAMP
) ENGINE=InnoDB DEFAULT CHARSET=latin1;

-- --------------------------------------------------------

--
-- Table structure for table `consumption`
--

CREATE TABLE IF NOT EXISTS `consumption` (
  `consumption` int(11) NOT NULL,
  `wconnection` int(11) NOT NULL,
  `reading` int(11) DEFAULT NULL,
  `reading_1` int(11) DEFAULT NULL,
  `date` date NOT NULL,
  `timestamp` timestamp NOT NULL DEFAULT CURRENT_TIMESTAMP,
  `rate` double DEFAULT NULL,
  `units` int(5) DEFAULT NULL,
  `amount` double DEFAULT NULL
) ENGINE=InnoDB DEFAULT CHARSET=latin1;

-- --------------------------------------------------------

--
-- Table structure for table `payment`
--

CREATE TABLE IF NOT EXISTS `payment` (
  `payment` int(11) NOT NULL,
  `client` int(11) NOT NULL,
  `date` date NOT NULL,
  `amount` double DEFAULT NULL,
  `type` varchar(30) DEFAULT NULL,
  `ref` varchar(30) NOT NULL,
  `description` varchar(30) DEFAULT NULL,
  `timestamp` timestamp NOT NULL DEFAULT CURRENT_TIMESTAMP
) ENGINE=InnoDB DEFAULT CHARSET=latin1;

-- --------------------------------------------------------

--
-- Table structure for table `phone`
--

CREATE TABLE IF NOT EXISTS `phone` (
  `phone` int(11) NOT NULL,
  `num` varchar(30) NOT NULL
) ENGINE=InnoDB AUTO_INCREMENT=678 DEFAULT CHARSET=latin1;

--
-- Dumping data for table `phone`
--

INSERT INTO `phone` (`phone`, `num`) VALUES
(141, '252247611'),
(645, '490701917'),
(418, '547288588'),
(284, '7'),
(652, '700117618'),
(477, '700191492'),
(523, '700527484'),
(165, '701359643'),
(621, '702151647'),
(188, '702363895'),
(128, '702675991'),
(135, '702704472'),
(537, '703190002'),
(84, '703345066'),
(548, '704750612'),
(164, '705322261'),
(520, '705894510'),
(567, '706550759'),
(298, '706632767'),
(148, '706795322'),
(232, '707012048'),
(550, '707458948'),
(26, '707630614'),
(655, '708035569'),
(289, '708269913'),
(612, '708588888'),
(399, '710132345'),
(239, '710240628'),
(610, '710273229'),
(466, '710275061'),
(333, '710343918'),
(198, '710489076'),
(444, '710602541'),
(231, '710693342'),
(623, '710774272'),
(358, '711168413'),
(544, '711386184'),
(434, '711402001'),
(635, '711404104'),
(532, '711449106'),
(343, '711876696'),
(362, '711890305'),
(234, '711940531'),
(553, '711944186'),
(156, '712006613'),
(605, '712032816'),
(107, '712088144'),
(670, '712314245'),
(349, '712530066'),
(513, '712600893'),
(223, '712665553'),
(324, '712910991'),
(643, '713010724'),
(241, '713129687'),
(639, '713138836'),
(191, '713205920'),
(472, '713209016'),
(119, '713280058'),
(67, '713393724'),
(530, '713460472'),
(246, '713469920'),
(674, '713662792'),
(457, '713750549'),
(204, '713969669'),
(414, '714081919'),
(278, '714200067'),
(416, '714340238'),
(93, '714362339'),
(50, '714468022'),
(561, '714496704'),
(281, '714563772'),
(647, '715737201'),
(267, '715827209'),
(668, '716311428'),
(342, '716385151'),
(404, '716508225'),
(46, '716564928'),
(549, '716632152'),
(503, '716915705'),
(671, '717023134'),
(187, '717195582'),
(345, '717331916'),
(589, '717422759'),
(97, '717578498'),
(162, '717855909'),
(656, '717909290'),
(317, '718047049'),
(430, '718126837'),
(439, '718149230'),
(44, '718150970'),
(451, '718164031'),
(325, '718224284'),
(657, '718357732'),
(66, '718577500'),
(73, '718609795'),
(112, '718749902'),
(606, '718803469'),
(588, '719161672'),
(255, '719326181'),
(510, '719332451'),
(614, '719675135'),
(500, '719715970'),
(209, '720021483'),
(166, '720022446'),
(233, '720053692'),
(273, '720057723'),
(99, '720216241'),
(65, '720239960'),
(197, '720251024'),
(33, '720268806'),
(429, '720287435'),
(581, '720289486'),
(183, '720358588'),
(205, '720364524'),
(17, '720388569'),
(121, '720410983'),
(452, '720411756'),
(461, '720423702'),
(60, '720466099'),
(22, '720491600'),
(170, '720509120'),
(82, '720536216'),
(70, '720576208'),
(604, '720675594'),
(155, '720704424'),
(259, '720726481'),
(445, '720761417'),
(54, '720772211'),
(76, '720794373'),
(74, '720802297'),
(464, '720805419'),
(437, '720854406'),
(512, '720873498'),
(174, '720878356'),
(637, '720879643'),
(378, '720880663'),
(511, '720886985'),
(427, '720939522'),
(152, '720964230'),
(432, '720969939'),
(110, '721105321'),
(379, '721146149'),
(395, '7211641844'),
(252, '721169478'),
(36, '721209470'),
(585, '721222580'),
(291, '721227410'),
(396, '721228326'),
(225, '721228770'),
(496, '721235425'),
(52, '721238013'),
(483, '721241295'),
(625, '721242605'),
(224, '721255474'),
(28, '721257298'),
(297, '721258630'),
(372, '721277000'),
(5, '721297949'),
(388, '721325779'),
(603, '721328070'),
(220, '721337283'),
(193, '721368312'),
(247, '721372930'),
(304, '721378924'),
(675, '721381642'),
(14, '721390074'),
(283, '721391031'),
(75, '721393310'),
(64, '721396071'),
(16, '721399508'),
(476, '721408093'),
(25, '721435025'),
(617, '721448564'),
(463, '721450951'),
(286, '721462831'),
(650, '721466340'),
(593, '721475306'),
(42, '721490490'),
(592, '721493951'),
(269, '721494609'),
(424, '721517716'),
(649, '721520711'),
(41, '721536034'),
(600, '721545872'),
(184, '721547413'),
(30, '721549044'),
(226, '721554468'),
(528, '721554982'),
(181, '721561454'),
(276, '721563401'),
(91, '721583457'),
(258, '721597656'),
(673, '721599739'),
(522, '721599981'),
(277, '721605926'),
(584, '721625898'),
(455, '721633925'),
(489, '721636064'),
(27, '721638030'),
(353, '721644960'),
(431, '721655924'),
(3, '721679336'),
(554, '721702381'),
(105, '721719394'),
(405, '721744660'),
(47, '721744696'),
(423, '721761188'),
(213, '721767783'),
(531, '721768370'),
(172, '721779104'),
(78, '721798690'),
(384, '721800162'),
(642, '721802215'),
(552, '721815460'),
(123, '721849785'),
(646, '721851066'),
(447, '721855931'),
(80, '721860856'),
(90, '721863251'),
(340, '721888126'),
(558, '721897375'),
(263, '721911011'),
(462, '721920437'),
(149, '721921526'),
(417, '721935368'),
(360, '721951600'),
(536, '721978096'),
(177, '721983078'),
(39, '721992142'),
(53, '721994042'),
(335, '721999543'),
(331, '722104522'),
(222, '722105501'),
(63, '722140350'),
(488, '722141284'),
(146, '722144455'),
(570, '722159766'),
(56, '722160703'),
(306, '722170078'),
(338, '722173663'),
(113, '722175454'),
(383, '722201348'),
(313, '722220030'),
(118, '722230170'),
(481, '722234658'),
(591, '722239430'),
(153, '722241384'),
(470, '722244370'),
(448, '722250373'),
(300, '722251145'),
(62, '722256047'),
(571, '722268098'),
(441, '722268472'),
(201, '722269600'),
(397, '722274559'),
(111, '722275282'),
(326, '722278445'),
(661, '722279531'),
(250, '722283271'),
(228, '722290883'),
(622, '722296237'),
(208, '722308537'),
(95, '722310053'),
(660, '722311720'),
(301, '722312965'),
(145, '722313049'),
(518, '722318062'),
(560, '722318105'),
(539, '722323418'),
(322, '722325931'),
(125, '722327818'),
(350, '722327971'),
(586, '722328079'),
(13, '722334965'),
(356, '722335338'),
(138, '722335497'),
(595, '722335947'),
(179, '722343674'),
(32, '722347573'),
(336, '722350093'),
(140, '722352195'),
(492, '722357142'),
(332, '722362380'),
(480, '722370679'),
(502, '722370714'),
(458, '722386763'),
(630, '722388797'),
(508, '722396366'),
(403, '722402016'),
(238, '722413880'),
(507, '722417886'),
(316, '722423698'),
(18, '722431832'),
(29, '722432755'),
(216, '722438103'),
(413, '722453825'),
(293, '722457209'),
(81, '722464381'),
(367, '722465917'),
(302, '722466569'),
(143, '722472527'),
(545, '722477939'),
(23, '722480853'),
(134, '722482626'),
(499, '722487013'),
(321, '722490531'),
(641, '722491822'),
(287, '722494272'),
(98, '722498667'),
(15, '722504112'),
(315, '722506574'),
(144, '722516893'),
(389, '722519548'),
(203, '722520082'),
(390, '722520265'),
(598, '722520541'),
(355, '722522342'),
(139, '722522758'),
(627, '722553778'),
(211, '722557989'),
(7, '722559339'),
(219, '722559619'),
(38, '722565008'),
(194, '722568052'),
(624, '722576082'),
(533, '722576732'),
(272, '722580702'),
(572, '722582896'),
(4, '722583758'),
(256, '722597731'),
(529, '722600288'),
(180, '722601828'),
(662, '722603457'),
(10, '722603694'),
(262, '722605824'),
(94, '722606672'),
(385, '722607031'),
(569, '722609181'),
(161, '722609202'),
(613, '722610013'),
(559, '722610135'),
(132, '722615249'),
(178, '722619830'),
(12, '722627107'),
(386, '722633501'),
(309, '722638856'),
(195, '722641642'),
(229, '722643871'),
(394, '722645351'),
(34, '722648841'),
(344, '722651661'),
(402, '722652547'),
(422, '722653894'),
(124, '722654161'),
(282, '722668545'),
(308, '722670696'),
(538, '722672158'),
(435, '722676417'),
(314, '722679545'),
(541, '7226801495'),
(299, '722691677'),
(411, '722695907'),
(406, '722707001'),
(629, '722707068'),
(651, '722707743'),
(2, '722708506'),
(677, '722708577'),
(469, '722715598'),
(420, '722715928'),
(456, '722716489'),
(381, '722720668'),
(40, '722722164'),
(521, '722727143'),
(136, '722728683'),
(443, '722730589'),
(96, '722731871'),
(49, '722733871'),
(279, '722741244'),
(126, '722747474'),
(449, '722748538'),
(566, '722751779'),
(275, '722759458'),
(410, '722759951'),
(527, '722772828'),
(474, '722779923'),
(214, '722785132'),
(587, '722785227'),
(562, '722785586'),
(370, '722790256'),
(323, '722802185'),
(631, '722807547'),
(611, '722810569'),
(127, '722811198'),
(243, '722815784'),
(638, '722818485'),
(436, '722821173'),
(376, '722825026'),
(101, '722827459'),
(672, '722829330'),
(535, '722830924'),
(438, '722832259'),
(433, '722832265'),
(227, '722834491'),
(87, '722836349'),
(202, '722839354'),
(615, '722840776'),
(368, '722847149'),
(235, '722851569'),
(274, '722851670'),
(658, '722855372'),
(218, '722856470'),
(576, '722856614'),
(192, '722857294'),
(409, '722868340'),
(366, '722869742'),
(48, '722869913'),
(173, '722884654'),
(86, '722890166'),
(292, '722892205'),
(363, '722893881'),
(364, '722894587'),
(271, '722895954'),
(525, '722904377'),
(583, '722909610'),
(491, '722913372'),
(459, '722918198'),
(478, '722921259'),
(393, '722921689'),
(490, '722928643'),
(446, '722932935'),
(634, '722934849'),
(61, '722951311'),
(305, '722958881'),
(580, '722959427'),
(365, '722962629'),
(440, '722964112'),
(280, '722969339'),
(168, '722972150'),
(133, '722982076'),
(185, '722985774'),
(479, '722985988'),
(296, '722986155'),
(77, '722994322'),
(599, '723014603'),
(654, '723111253'),
(268, '723111841'),
(669, '723200772'),
(485, '723262944'),
(563, '723275996'),
(199, '723285654'),
(400, '723297749'),
(249, '723306290'),
(69, '723324038'),
(534, '723382343'),
(547, '723435184'),
(460, '723443833'),
(104, '723445391'),
(240, '723449472'),
(597, '723456314'),
(100, '723465902'),
(154, '723557830'),
(493, '723566915'),
(11, '723570810'),
(526, '723592834'),
(578, '723622699'),
(667, '723680600'),
(37, '723708692'),
(85, '723714388'),
(253, '723729338'),
(55, '723737013'),
(663, '723746177'),
(607, '723749863'),
(8, '723799466'),
(318, '723820020'),
(505, '723872351'),
(327, '723872978'),
(398, '723880476'),
(471, '723891420'),
(257, '723916571'),
(601, '723936223'),
(419, '723943765'),
(346, '723946177'),
(426, '723958417'),
(515, '723998069'),
(484, '724008690'),
(609, '724034099'),
(116, '724104498'),
(142, '724171820'),
(509, '724244912'),
(574, '724262448'),
(391, '724277648'),
(307, '724299098'),
(254, '724339531'),
(465, '724342846'),
(653, '724344915'),
(261, '724425877'),
(676, '724434153'),
(524, '724442626'),
(9, '724489854'),
(354, '724494696'),
(159, '724498729'),
(387, '724505345'),
(151, '724506525'),
(644, '724515040'),
(628, '724523171'),
(351, '724565139'),
(206, '724589027'),
(453, '724598763'),
(640, '724621887'),
(596, '724627130'),
(619, '724709440'),
(357, '724717926'),
(482, '72472717'),
(137, '724741214'),
(334, '724773981'),
(557, '724777856'),
(636, '724779196'),
(122, '724827725'),
(450, '724869036'),
(337, '724967161'),
(310, '725051190'),
(421, '725086362'),
(215, '725126129'),
(665, '725140999'),
(21, '725228821'),
(454, '725307566'),
(189, '725334330'),
(117, '725350203'),
(392, '725351053'),
(401, '725352627'),
(494, '725375954'),
(312, '725375984'),
(666, '725385529'),
(573, '725420362'),
(265, '725423325'),
(130, '725424266'),
(616, '725445195'),
(319, '725445941'),
(237, '725509754'),
(408, '725549735'),
(361, '725576303'),
(288, '725607885'),
(328, '725680907'),
(602, '725692837'),
(577, '725693536'),
(290, '725756163'),
(519, '725826338'),
(43, '725893108'),
(147, '725938180'),
(517, '725951242'),
(516, '725951742'),
(608, '726062315'),
(582, '726079152'),
(618, '726172617'),
(475, '726173376'),
(266, '726179425'),
(131, '726237525'),
(210, '726249168'),
(294, '726270042'),
(467, '726310637'),
(579, '726342386'),
(648, '726347925'),
(373, '726414081'),
(129, '726439585'),
(514, '726471770'),
(285, '726509333'),
(163, '726563408'),
(540, '726611155'),
(295, '726675895'),
(217, '726679182'),
(88, '726690367'),
(59, '726712338'),
(58, '726717057'),
(407, '726742450'),
(57, '726771563'),
(114, '726783238'),
(375, '726813847'),
(329, '726817280'),
(412, '726831892'),
(6, '726858226'),
(555, '726859475'),
(182, '726907540'),
(242, '726917782'),
(186, '726921229'),
(102, '726946574'),
(498, '726956169'),
(320, '726964967'),
(659, '726981344'),
(348, '727004396'),
(20, '727053858'),
(504, '727129462'),
(664, '727265200'),
(167, '727315533'),
(1, '727343522'),
(341, '727404981'),
(590, '727473340'),
(359, '727545948'),
(264, '727585942'),
(171, '727593590'),
(176, '727679182'),
(330, '727701638'),
(103, '727705790'),
(425, '727743128'),
(68, '727757073'),
(160, '727782371'),
(565, '727805724'),
(371, '727818653'),
(72, '727827038'),
(620, '727857669'),
(190, '727868499'),
(109, '727897949'),
(428, '727899687'),
(501, '727913267'),
(51, '727925815'),
(543, '727948858'),
(207, '727973027'),
(31, '727974140'),
(79, '728018245'),
(415, '728024582'),
(212, '728239789'),
(251, '728241042'),
(150, '728319503'),
(506, '728395564'),
(339, '728444251'),
(236, '728494517'),
(221, '728499155'),
(497, '728594465'),
(270, '728662039'),
(89, '728729770'),
(626, '728743318'),
(303, '728777682'),
(158, '728844790'),
(377, '728852389'),
(380, '728908241'),
(230, '728918676'),
(19, '729092011'),
(486, '729175752'),
(546, '729612585'),
(108, '729627686'),
(311, '729632098'),
(352, '729794690'),
(632, '729841850'),
(442, '731881027'),
(83, '732210837'),
(468, '732695238'),
(244, '733106284'),
(248, '733526271'),
(260, '733605736'),
(115, '733624699'),
(487, '733731232'),
(568, '733974896'),
(35, '734058718'),
(245, '734137500'),
(633, '734764354'),
(369, '734879859'),
(120, '734903504'),
(200, '735407746'),
(157, '736455672'),
(169, '737290625'),
(347, '737953934'),
(542, '738070470'),
(564, '738847616'),
(575, '743302182'),
(92, '743708204'),
(495, '746330409'),
(196, '763411580'),
(106, '763603244'),
(374, '765608623'),
(71, '770573450'),
(382, '770842585'),
(594, '780284199'),
(45, '786576637'),
(473, '790375293'),
(175, '795352875'),
(24, '795354017'),
(556, '796402269'),
(551, '799868173');

-- --------------------------------------------------------

--
-- Table structure for table `reader`
--

CREATE TABLE IF NOT EXISTS `reader` (
  `reader` int(11) NOT NULL,
  `name` varchar(30) NOT NULL,
  `phone` varchar(30) DEFAULT NULL
) ENGINE=InnoDB DEFAULT CHARSET=latin1;

-- --------------------------------------------------------

--
-- Table structure for table `reading`
--

CREATE TABLE IF NOT EXISTS `reading` (
  `reading` int(11) NOT NULL,
  `wconnection` int(11) NOT NULL,
  `reader` int(11) DEFAULT NULL,
  `date` date NOT NULL,
  `value` int(10) DEFAULT NULL,
  `latitude` double DEFAULT NULL,
  `longitude` double DEFAULT NULL,
  `timestamp` timestamp NOT NULL DEFAULT CURRENT_TIMESTAMP
) ENGINE=InnoDB DEFAULT CHARSET=latin1;

-- --------------------------------------------------------

--
-- Table structure for table `service`
--

CREATE TABLE IF NOT EXISTS `service` (
  `service` int(11) NOT NULL,
  `name` varchar(255) NOT NULL,
  `description` varchar(255) DEFAULT NULL,
  `price` double DEFAULT NULL,
  `auto` int(10) DEFAULT NULL
) ENGINE=InnoDB DEFAULT CHARSET=latin1;

-- --------------------------------------------------------

--
-- Table structure for table `state`
--

CREATE TABLE IF NOT EXISTS `state` (
  `state` int(11) NOT NULL,
  `wconnection` int(11) NOT NULL,
  `date` date NOT NULL,
  `disconnection` int(1) NOT NULL,
  `reading` int(11) DEFAULT NULL,
  `timestamp` timestamp NOT NULL DEFAULT CURRENT_TIMESTAMP
) ENGINE=InnoDB DEFAULT CHARSET=latin1;

-- --------------------------------------------------------

--
-- Table structure for table `subscription`
--

CREATE TABLE IF NOT EXISTS `subscription` (
  `subscription` int(11) NOT NULL,
  `wconnection` int(11) NOT NULL,
  `service` int(11) NOT NULL,
  `amount` double DEFAULT NULL
) ENGINE=InnoDB DEFAULT CHARSET=latin1;

-- --------------------------------------------------------

--
-- Table structure for table `wconnection`
--

CREATE TABLE IF NOT EXISTS `wconnection` (
  `wconnection` int(11) NOT NULL,
  `client` int(11) DEFAULT NULL,
  `name` varchar(100) NOT NULL,
  `meter_no` varchar(30) DEFAULT NULL,
  `latitude` double DEFAULT NULL,
  `longitude` double DEFAULT NULL
) ENGINE=InnoDB AUTO_INCREMENT=896 DEFAULT CHARSET=latin1;

--
-- Dumping data for table `wconnection`
--

INSERT INTO `wconnection` (`wconnection`, `client`, `name`, `meter_no`, `latitude`, `longitude`) VALUES
(1, 1, 'code 1', NULL, NULL, NULL),
(2, 2, 'phoe. 727343522', NULL, NULL, NULL),
(3, 3, '0LEPOLOS HOUSE NGONG', NULL, NULL, NULL),
(4, 4, 'A.M.F.H.H CONTRACTOR LTD', NULL, NULL, NULL),
(5, 5, 'Abdikadir Ibrahim Osman', NULL, NULL, NULL),
(6, 6, 'Abraham Waithima', NULL, NULL, NULL),
(7, 7, 'ACK Church Enoomatasiani', NULL, NULL, NULL),
(8, 8, 'Agnes Kilonzo', NULL, NULL, NULL),
(9, 9, 'Agnes Nyamu', NULL, NULL, NULL),
(10, 10, 'AGNES WANJIKU GITAU', NULL, NULL, NULL),
(11, 11, 'Agustas Mulatia Ndambuki', NULL, NULL, NULL),
(12, 12, 'AHADI EDUCATION CENTRE', NULL, NULL, NULL),
(13, 13, 'AIC Roimen', NULL, NULL, NULL),
(14, 14, 'AIPCEA Church', NULL, NULL, NULL),
(15, 15, 'AJENGO', NULL, NULL, NULL),
(16, 16, 'Albert Kenga', NULL, NULL, NULL),
(17, 17, 'ALEX ODHIAMBO OTIENO', NULL, NULL, NULL),
(18, 18, 'ALEX ROSHA', NULL, NULL, NULL),
(19, 19, 'Alex Waithaka', NULL, NULL, NULL),
(20, 20, 'Alice Maina', NULL, NULL, NULL),
(21, 21, 'ALICE NASHIPAE', NULL, NULL, NULL),
(22, 22, 'ALICEN', NULL, NULL, NULL),
(23, 23, 'ALLAN KARANJA', NULL, NULL, NULL),
(24, 24, 'Allan Kibiru 140', NULL, NULL, NULL),
(25, 25, 'Allan Njenga', NULL, NULL, NULL),
(26, 26, 'Allan W Gitura', NULL, NULL, NULL),
(27, 27, 'Allen Karanja', NULL, NULL, NULL),
(28, 28, 'Alphonse Katuku', NULL, NULL, NULL),
(29, 29, 'Alvin Kisochi', NULL, NULL, NULL),
(30, 30, 'AMFHH Contract Ltd', NULL, NULL, NULL),
(31, 31, 'Amos Kinyanjui', NULL, NULL, NULL),
(32, 32, 'ANDREW K CHEPKONGA', NULL, NULL, NULL),
(33, 33, 'Andrew Mutua', NULL, NULL, NULL),
(34, 34, 'ANDREW NGANGA', NULL, NULL, NULL),
(35, 35, 'ANDRIAN NYAGA MURIITHI', NULL, NULL, NULL),
(36, 36, 'ANN CATHERINE', NULL, NULL, NULL),
(37, 37, 'Ann K Osinde', NULL, NULL, NULL),
(38, 38, 'Ann Kimani', NULL, NULL, NULL),
(39, 39, 'ANN KIRUMBI', NULL, NULL, NULL),
(40, 40, 'ANN MAGONDU', NULL, NULL, NULL),
(41, 41, 'Ann Mkala', NULL, NULL, NULL),
(42, 42, 'Ann N Wanjiriu', NULL, NULL, NULL),
(43, 43, 'ANN NJOKI', NULL, NULL, NULL),
(44, 44, 'Ann Wakuhi', NULL, NULL, NULL),
(45, 45, 'ANN WANJIRU JAMAICA', NULL, NULL, NULL),
(46, 46, 'Ann Wanjugu', NULL, NULL, NULL),
(47, 47, 'Anthony Irungu Maina', NULL, NULL, NULL),
(48, 48, 'ANTHONY KAHUHO', NULL, NULL, NULL),
(49, 49, 'ANTHONY KANGETHE', NULL, NULL, NULL),
(50, 50, 'ANTHONY KARIUKI', NULL, NULL, NULL),
(51, 51, 'Anthony Maina', NULL, NULL, NULL),
(52, 52, 'Anthony Mugut', NULL, NULL, NULL),
(53, 53, 'ANTHONY WAMBU', NULL, NULL, NULL),
(54, 54, 'ARTHUR MUTHAMA', NULL, NULL, NULL),
(55, 55, 'ASHA AMBER', NULL, NULL, NULL),
(56, 56, 'BABA NDUTA', NULL, NULL, NULL),
(57, 57, 'BABA PATRICK', NULL, NULL, NULL),
(58, 58, 'Bartonjo Cheptaras', NULL, NULL, NULL),
(59, 59, 'BEATRICE WACHUKA', NULL, NULL, NULL),
(60, 60, 'Benard Langat', NULL, NULL, NULL),
(61, 61, 'Benard Ndichu', NULL, NULL, NULL),
(62, 62, 'Benerd K Wambugu', NULL, NULL, NULL),
(63, 63, 'Benerd Maina', NULL, NULL, NULL),
(64, 64, 'Benjamin Mwangi', NULL, NULL, NULL),
(65, 65, 'Benjamin Ndegwa', NULL, NULL, NULL),
(66, 66, 'Benson Gitau', NULL, NULL, NULL),
(67, 67, 'BERNARD NGUGI GATUNGU', NULL, NULL, NULL),
(68, 68, 'Bernard Osano', NULL, NULL, NULL),
(69, 69, 'Bethwell Mwasingo', NULL, NULL, NULL),
(70, 70, 'Bibianah Mbuthye', NULL, NULL, NULL),
(71, 71, 'BLOSOM', NULL, NULL, NULL),
(72, 72, 'BOB MARLEY HOME', NULL, NULL, NULL),
(73, 73, 'Boniface Mushila Khamasi', NULL, NULL, NULL),
(74, 74, 'Boniface Ojiambo Ngira', NULL, NULL, NULL),
(75, 75, 'Bosco Mwaniki', NULL, NULL, NULL),
(76, 76, 'Brian Ngamau K', NULL, NULL, NULL),
(77, 77, 'BW WACHIRA', NULL, NULL, NULL),
(78, 78, 'Caro Njambi', NULL, NULL, NULL),
(79, 79, 'CAROL BIRBIR', NULL, NULL, NULL),
(80, 80, 'Caroline Mbogori', NULL, NULL, NULL),
(81, 81, 'Carolyne Wanjiru', NULL, NULL, NULL),
(82, 82, 'Catherine Kanorio', NULL, NULL, NULL),
(83, 83, 'CATHERINE NJOKI GITAU', NULL, NULL, NULL),
(84, 84, 'Catherine Wambui Ambunya', NULL, NULL, NULL),
(85, 85, 'CATHERINE WANJIKU', NULL, NULL, NULL),
(86, 86, 'Cecilia Njane Mugo', NULL, NULL, NULL),
(87, 87, 'Cecilia Wangui', NULL, NULL, NULL),
(88, 88, 'CELINA MABATI HSE', NULL, NULL, NULL),
(89, 89, 'Celina Memusi Rd', NULL, NULL, NULL),
(90, 90, 'CELINAH FLATS', NULL, NULL, NULL),
(91, 91, 'CELINAH HOME', NULL, NULL, NULL),
(92, 92, 'Chadrack Meme Murunga', NULL, NULL, NULL),
(93, 93, 'CHARITY MATHENGE', NULL, NULL, NULL),
(94, 94, 'CHARITY MEME', NULL, NULL, NULL),
(95, 95, 'Charles Gitonga', NULL, NULL, NULL),
(96, 96, 'CHARLES KARINGA', NULL, NULL, NULL),
(97, 97, 'CHARLES KIMANI KIMOTHO', NULL, NULL, NULL),
(98, 98, 'CHARLES KINUTHIA NJONJO', NULL, NULL, NULL),
(99, 99, 'CHARLES MUSEMBI KIOKO', NULL, NULL, NULL),
(100, 100, 'Charles Mwaura Mwaniki', NULL, NULL, NULL),
(101, 101, 'Charles Ngugi', NULL, NULL, NULL),
(102, 102, 'CHARLES NYAMWANGE', NULL, NULL, NULL),
(103, 103, 'Charles Situma', NULL, NULL, NULL),
(104, 104, 'CHEGE (MBAO) MATASIA', NULL, NULL, NULL),
(105, 105, 'Chege Mbao', NULL, NULL, NULL),
(106, 106, 'Chege Mwita', NULL, NULL, NULL),
(107, 107, 'CHEGE NGONG HOME', NULL, NULL, NULL),
(108, 108, 'CHEGE NGONG HOTEL', NULL, NULL, NULL),
(109, 109, 'CHEGE RESORT/ ALEX KOIKAI', NULL, NULL, NULL),
(110, 110, 'CHEMIST', NULL, NULL, NULL),
(111, 111, 'Chris Kimathi', NULL, NULL, NULL),
(112, 112, 'CHRISTIAN HOPE MINISTRY', NULL, NULL, NULL),
(113, 113, 'Christine Njoki', NULL, NULL, NULL),
(114, 114, 'CHRISTOPHAH KOECH', NULL, NULL, NULL),
(115, 115, 'Christopher Muraya Kanyi', NULL, NULL, NULL),
(116, 116, 'Christopher N Kagwe', NULL, NULL, NULL),
(117, 117, 'CK', NULL, NULL, NULL),
(118, 118, 'CLEMENT', NULL, NULL, NULL),
(119, 119, 'CLEMENT NJOROGE', NULL, NULL, NULL),
(120, 120, 'Cleters Kiptaras Kiprotich', NULL, NULL, NULL),
(121, 121, 'Clive Asande', NULL, NULL, NULL),
(122, 122, 'Cornellius', NULL, NULL, NULL),
(123, 123, 'CORNELLIUS ASHIRA', NULL, NULL, NULL),
(124, 124, 'CYRUS MAKORI', NULL, NULL, NULL),
(125, 125, 'Dagoretti For Kids', NULL, NULL, NULL),
(126, 126, 'Damaris Mulei', NULL, NULL, NULL),
(127, 127, 'Damaris Okemwa', NULL, NULL, NULL),
(128, 128, 'DAMSLY PROPERTIES LTD', NULL, NULL, NULL),
(129, 129, 'DAN', NULL, NULL, NULL),
(130, 130, 'DAN SAOYO', NULL, NULL, NULL),
(131, 131, 'Daniel Kamau', NULL, NULL, NULL),
(132, 132, 'DANIEL KAMUNYA', NULL, NULL, NULL),
(133, 133, 'Daniel Kiprop', NULL, NULL, NULL),
(134, 134, 'Daniel Muiruri', NULL, NULL, NULL),
(135, 135, 'Daniel Muiruri Kamau', NULL, NULL, NULL),
(136, 136, 'Daniel Mutii', NULL, NULL, NULL),
(137, 137, 'DANIEL WAKABA', NULL, NULL, NULL),
(138, 138, 'DAVID 0NGWAE', NULL, NULL, NULL),
(139, 139, 'DAVID CHUHI HOME', NULL, NULL, NULL),
(140, 140, 'DAVID CHUHI PLOT', NULL, NULL, NULL),
(141, 141, 'DAVID GIKUNGU', NULL, NULL, NULL),
(142, 142, 'David Gitau Kamuyu', NULL, NULL, NULL),
(143, 143, 'David Kiaru Gakami', NULL, NULL, NULL),
(144, 144, 'David Macharia Kinyua', NULL, NULL, NULL),
(145, 145, 'David Maina', NULL, NULL, NULL),
(146, 146, 'David Mariga', NULL, NULL, NULL),
(147, 147, 'David Marigi', NULL, NULL, NULL),
(148, 148, 'David Muthama', NULL, NULL, NULL),
(149, 149, 'DAVID MUTISYA BALOZI', NULL, NULL, NULL),
(150, 150, 'David Mwiraria', NULL, NULL, NULL),
(151, 151, 'David N Ole Chege', NULL, NULL, NULL),
(152, 152, 'DAVID NDUNG''U', NULL, NULL, NULL),
(153, 153, 'DAVID NYAMU', NULL, NULL, NULL),
(154, 154, 'DAVID O CHIBEKA', NULL, NULL, NULL),
(155, 155, 'David Tiranian Ole Chege', NULL, NULL, NULL),
(156, 156, 'David Toimasi', NULL, NULL, NULL),
(157, 157, 'DAVID WAITHAKA', NULL, NULL, NULL),
(158, 158, 'David Yegon', NULL, NULL, NULL),
(159, 159, 'Debie Mc Milan', NULL, NULL, NULL),
(160, 160, 'Dennis Kabura Muindi', NULL, NULL, NULL),
(161, 161, 'Dennis Nyasani', NULL, NULL, NULL),
(162, 162, 'Devanson Muranga Onyiego', NULL, NULL, NULL),
(163, 163, 'Diana Kiunjuri', NULL, NULL, NULL),
(164, 164, 'DICK KAGWE', NULL, NULL, NULL),
(165, 165, 'Dickson Aduwa', NULL, NULL, NULL),
(166, 166, 'Dickson Kagiri', NULL, NULL, NULL),
(167, 167, 'DISHON KAMAU GIKONYO', NULL, NULL, NULL),
(168, 168, 'DK', NULL, NULL, NULL),
(169, 169, 'Dominic Kasialek Munya', NULL, NULL, NULL),
(170, 170, 'Dominic Kimathi', NULL, NULL, NULL),
(171, 171, 'DONALD NYAMWARO', NULL, NULL, NULL),
(172, 172, 'DOWN SLAUGHTER KIOSK', NULL, NULL, NULL),
(173, 173, 'DOWN WATER', NULL, NULL, NULL),
(174, 174, 'Dr Charles Wanyoike', NULL, NULL, NULL),
(175, 175, 'Dr Isaac Wasike Wamalwa', NULL, NULL, NULL),
(176, 176, 'Dr Jackton Achola', NULL, NULL, NULL),
(177, 177, 'DR KARIUKI', NULL, NULL, NULL),
(178, 178, 'Dr Kasembeli', NULL, NULL, NULL),
(179, 179, 'Dr Maira Azimio Gichia', NULL, NULL, NULL),
(180, 180, 'DR NJENGA MUNGAI', NULL, NULL, NULL),
(181, 181, 'Duncan Gitonga', NULL, NULL, NULL),
(182, 182, 'DUNCAN NDUNGU', NULL, NULL, NULL),
(183, 183, 'Eastern Place', NULL, NULL, NULL),
(184, 184, 'EDITH KABIA THAIRU', NULL, NULL, NULL),
(185, 185, 'Edward', NULL, NULL, NULL),
(186, 186, 'Edward Kimondo', NULL, NULL, NULL),
(187, 187, 'EDWARD MURIITHI', NULL, NULL, NULL),
(188, 188, 'Edward Nderitu', NULL, NULL, NULL),
(189, 189, 'EDWARD WAITHAKA MAINA', NULL, NULL, NULL),
(190, 190, 'Edwin', NULL, NULL, NULL),
(191, 191, 'EDWIN CHERUYIOT', NULL, NULL, NULL),
(192, 192, 'EDWIN MANYONGE', NULL, NULL, NULL),
(193, 193, 'EDWIN OBIERO', NULL, NULL, NULL),
(194, 194, 'ELIEZA G KARIUKI', NULL, NULL, NULL),
(195, 195, 'ELIUD KOGE MACHARIA', NULL, NULL, NULL),
(196, 196, 'Eliud Mbugua', NULL, NULL, NULL),
(197, 197, 'ELIUD MBURU', NULL, NULL, NULL),
(198, 198, 'Elizabeth Gitahi', NULL, NULL, NULL),
(199, 199, 'Elizabeth Macharia', NULL, NULL, NULL),
(200, 200, 'Elizabeth Masese', NULL, NULL, NULL),
(201, 201, 'ELIZABETH NGENDO KIBERA', NULL, NULL, NULL),
(202, 202, 'ELIZABETH NJERI', NULL, NULL, NULL),
(203, 203, 'Elizabeth Wanjiku Chege', NULL, NULL, NULL),
(204, 204, 'Ellen Wambui Mbachao', NULL, NULL, NULL),
(205, 205, 'Emanuel Semenega', NULL, NULL, NULL),
(206, 206, 'EMILLY SAMUEL', NULL, NULL, NULL),
(207, 207, 'Enktok Joy', NULL, NULL, NULL),
(208, 208, 'ERASTUS K KINUTHIA', NULL, NULL, NULL),
(209, 209, 'Eric Kiangani', NULL, NULL, NULL),
(210, 210, 'Eric Kiarie', NULL, NULL, NULL),
(211, 211, 'Eric Kuchio Makokha', NULL, NULL, NULL),
(212, 212, 'ERIC MALESI', NULL, NULL, NULL),
(213, 213, 'ERIC NJUGUNA', NULL, NULL, NULL),
(214, 214, 'ERIC NTHENGE', NULL, NULL, NULL),
(215, 215, 'Eric Ososi', NULL, NULL, NULL),
(216, 216, 'Erick Mugi Karimi', NULL, NULL, NULL),
(217, 217, 'ERNEST GITAU', NULL, NULL, NULL),
(218, 218, 'ERNEST MUCHINA', NULL, NULL, NULL),
(219, 219, 'Esther Gitonga', NULL, NULL, NULL),
(220, 220, 'ESTHER MUNGARE', NULL, NULL, NULL),
(221, 221, 'ESTHER NASHIPAE', NULL, NULL, NULL),
(222, 222, 'ESTHER NJERI WA MOSES', NULL, NULL, NULL),
(223, 223, 'Esther Wangare M', NULL, NULL, NULL),
(224, 224, 'Esther Wangare Ngugi', NULL, NULL, NULL),
(225, 225, 'Eunice 2', NULL, NULL, NULL),
(226, 225, 'Eunice 3', NULL, NULL, NULL),
(227, 225, 'Eunice 4', NULL, NULL, NULL),
(228, 226, 'Eunice Njambi Muchengi', NULL, NULL, NULL),
(229, 227, 'EUNICE WANGUI', NULL, NULL, NULL),
(230, 228, 'EUNICE WANJIRU', NULL, NULL, NULL),
(231, 229, 'Evans Orenge', NULL, NULL, NULL),
(232, 230, 'Ezra Rapasi', NULL, NULL, NULL),
(233, 231, 'F.G METTA', NULL, NULL, NULL),
(234, 232, 'FAITH KANANU', NULL, NULL, NULL),
(235, 233, 'Fatuma Osman', NULL, NULL, NULL),
(236, 234, 'FELISTER ODHIAMBO', NULL, NULL, NULL),
(237, 235, 'Felistus Mwende Musyimi', NULL, NULL, NULL),
(238, 236, 'Flora Mwangi', NULL, NULL, NULL),
(239, 237, 'FLORENCE', NULL, NULL, NULL),
(240, 238, 'Florence chelangat Kipruto', NULL, NULL, NULL),
(241, 239, 'Florence Mawanda', NULL, NULL, NULL),
(242, 240, 'FLORENCE WANJIKU', NULL, NULL, NULL),
(243, 241, 'Francis Kamau', NULL, NULL, NULL),
(244, 242, 'Francis kanyori', NULL, NULL, NULL),
(245, 243, 'Francis Kiarie', NULL, NULL, NULL),
(246, 244, 'FRANCIS MARAGIA', NULL, NULL, NULL),
(247, 245, 'Francis Muiru Kagunda', NULL, NULL, NULL),
(248, 246, 'Francis Ndungu Kibugu', NULL, NULL, NULL),
(249, 247, 'FRED', NULL, NULL, NULL),
(250, 248, 'FRED MAINA', NULL, NULL, NULL),
(251, 249, 'Fredrick Kosore', NULL, NULL, NULL),
(252, 250, 'Fredrick Mwachi', NULL, NULL, NULL),
(253, 251, 'Fredrick Werimu', NULL, NULL, NULL),
(254, 252, 'Gabriel Munya', NULL, NULL, NULL),
(255, 253, 'GABRIEL OMUKUBA', NULL, NULL, NULL),
(256, 254, 'Gaceru Kamau', NULL, NULL, NULL),
(257, 255, 'GAD KIMANI', NULL, NULL, NULL),
(258, 256, 'Gadys Mumbi', NULL, NULL, NULL),
(259, 257, 'Genetrix Barasa', NULL, NULL, NULL),
(260, 258, 'Geoffrey Kinyua', NULL, NULL, NULL),
(261, 259, 'GEOFFREY MOGIRE', NULL, NULL, NULL),
(262, 260, 'Geoffrey Mugambi', NULL, NULL, NULL),
(263, 261, 'Geoffrey Nganga', NULL, NULL, NULL),
(264, 262, 'GEORGE', NULL, NULL, NULL),
(265, 263, 'George Akendo', NULL, NULL, NULL),
(266, 264, 'George Gakuru', NULL, NULL, NULL),
(267, 265, 'GEORGE KAMAU', NULL, NULL, NULL),
(268, 266, 'George Kimani', NULL, NULL, NULL),
(269, 267, 'GEORGE M KIMANI', NULL, NULL, NULL),
(270, 268, 'George Mutaberi', NULL, NULL, NULL),
(271, 269, 'George Njenga', NULL, NULL, NULL),
(272, 270, 'GEORGE ODUL', NULL, NULL, NULL),
(273, 271, 'GERALD KOIGI', NULL, NULL, NULL),
(274, 272, 'GERALD NJAGI IRERI', NULL, NULL, NULL),
(275, 273, 'GILBERT NJUGUNA', NULL, NULL, NULL),
(276, 274, 'Gilbert Obegi', NULL, NULL, NULL),
(277, 275, 'GILBERT OREGI', NULL, NULL, NULL),
(278, 276, 'Githire', NULL, NULL, NULL),
(279, 277, 'GITHUA', NULL, NULL, NULL),
(280, 278, 'Gitonga Ann', NULL, NULL, NULL),
(281, 279, 'Gladys Mutii', NULL, NULL, NULL),
(282, 280, 'Grace Bogecho', NULL, NULL, NULL),
(283, 281, 'GRACE KAMANU', NULL, NULL, NULL),
(284, 282, 'Grace Mutai', NULL, NULL, NULL),
(285, 283, 'GRACE NJERI', NULL, NULL, NULL),
(286, 284, 'GRACE NJERI KIBATHI', NULL, NULL, NULL),
(287, 285, 'Grace Njoroge', NULL, NULL, NULL),
(288, 286, 'Grace Wairimu Home', NULL, NULL, NULL),
(289, 287, 'Grace Wairimu Plot', NULL, NULL, NULL),
(290, 288, 'Grace Wambui', NULL, NULL, NULL),
(291, 289, 'Grace Wangui Ngando', NULL, NULL, NULL),
(292, 290, 'Grace Wanjiku', NULL, NULL, NULL),
(293, 291, 'Hanna Wambui Kamau', NULL, NULL, NULL),
(294, 292, 'Hannah Mungai', NULL, NULL, NULL),
(295, 293, 'HANNAH WAMUYU', NULL, NULL, NULL),
(296, 294, 'HANNAH WANIRU', NULL, NULL, NULL),
(297, 295, 'HANNAH WANJA NJOROGE', NULL, NULL, NULL),
(298, 296, 'HARMAN NJUGUNA', NULL, NULL, NULL),
(299, 297, 'Harun Cheruiyot Bett', NULL, NULL, NULL),
(300, 298, 'Harun Ndagwe', NULL, NULL, NULL),
(301, 299, 'HASAL NGONG', NULL, NULL, NULL),
(302, 300, 'HELLEN GICHURE', NULL, NULL, NULL),
(303, 301, 'Hellen Kengere', NULL, NULL, NULL),
(304, 302, 'Hellen Machoka', NULL, NULL, NULL),
(305, 303, 'Hellen Siagi', NULL, NULL, NULL),
(306, 304, 'Hellen W Mwae', NULL, NULL, NULL),
(307, 305, 'Hellen Wambui Macharia', NULL, NULL, NULL),
(308, 306, 'Hellen Wanyora', NULL, NULL, NULL),
(309, 307, 'HENRY OMWOYO', NULL, NULL, NULL),
(310, 308, 'HEZRON KIRATU MUNGAI', NULL, NULL, NULL),
(311, 309, 'Hon Sakuda', NULL, NULL, NULL),
(312, 310, 'Hosea Ochwangi', NULL, NULL, NULL),
(313, 311, 'HUMPHREY KIBIRU', NULL, NULL, NULL),
(314, 312, 'Humphrey Kimani', NULL, NULL, NULL),
(315, 313, 'Ibrahim M Manyara', NULL, NULL, NULL),
(316, 314, 'Iddah Mindio', NULL, NULL, NULL),
(317, 315, 'Irene Gathongo', NULL, NULL, NULL),
(318, 316, 'Irene Lorot', NULL, NULL, NULL),
(319, 317, 'Irene Wamaitha', NULL, NULL, NULL),
(320, 318, 'Irene Wangare', NULL, NULL, NULL),
(321, 319, 'Ireri Njiru', NULL, NULL, NULL),
(322, 320, 'ISAAC BET', NULL, NULL, NULL),
(323, 321, 'Isaac Karuiki', NULL, NULL, NULL),
(324, 322, 'ISAAC MBATIA', NULL, NULL, NULL),
(325, 323, 'Isaac Muturi', NULL, NULL, NULL),
(326, 324, 'Isaac Omondi', NULL, NULL, NULL),
(327, 325, 'Isaac Wachira', NULL, NULL, NULL),
(328, 326, 'Itotia Njagi', NULL, NULL, NULL),
(329, 327, 'JACINTA NTHENYA', NULL, NULL, NULL),
(330, 328, 'JACKLINE', NULL, NULL, NULL),
(331, 329, 'Jackob Kamau Muhia', NULL, NULL, NULL),
(332, 330, 'JACOB KIBET', NULL, NULL, NULL),
(333, 331, 'JACOB ODANGA', NULL, NULL, NULL),
(334, 332, 'JAMES AMOLLO OLUECH', NULL, NULL, NULL),
(335, 333, 'JAMES AMOLO', NULL, NULL, NULL),
(336, 334, 'James Gaceru', NULL, NULL, NULL),
(337, 335, 'JAMES GACHERU', NULL, NULL, NULL),
(338, 336, 'JAMES GICHIGO', NULL, NULL, NULL),
(339, 337, 'James K Mutahi', NULL, NULL, NULL),
(340, 338, 'JAMES KAMAU NYOKABI', NULL, NULL, NULL),
(341, 339, 'JAMES KARIUKI', NULL, NULL, NULL),
(342, 340, 'James Kimani', NULL, NULL, NULL),
(343, 341, 'JAMES KUYA NINA', NULL, NULL, NULL),
(344, 342, 'James M Kimani', NULL, NULL, NULL),
(345, 343, 'James Mathu', NULL, NULL, NULL),
(346, 344, 'James Muchene Kamau', NULL, NULL, NULL),
(347, 345, 'James Muhindi', NULL, NULL, NULL),
(348, 346, 'JAMES MUNGAI', NULL, NULL, NULL),
(349, 347, 'JAMES MUTII', NULL, NULL, NULL),
(350, 348, 'JAMES MWANDA', NULL, NULL, NULL),
(351, 349, 'James N Gichihi', NULL, NULL, NULL),
(352, 350, 'JAMES NGUGI', NULL, NULL, NULL),
(353, 351, 'JAMES NJOROGE', NULL, NULL, NULL),
(354, 352, 'JAMES NJUKI MUNAE', NULL, NULL, NULL),
(355, 353, 'JAMES SENEWA', NULL, NULL, NULL),
(356, 354, 'James Sululu', NULL, NULL, NULL),
(357, 355, 'James Thou Kamau', NULL, NULL, NULL),
(358, 356, 'JAMES THUO', NULL, NULL, NULL),
(359, 357, 'James Wangugi Kamau', NULL, NULL, NULL),
(360, 358, 'James Wanyoike Kuria', NULL, NULL, NULL),
(361, 359, 'James Waweru', NULL, NULL, NULL),
(362, 360, 'JANE', NULL, NULL, NULL),
(363, 361, 'Jane Rotich', NULL, NULL, NULL),
(364, 362, 'JANE KAMOCHU', NULL, NULL, NULL),
(365, 363, 'Jane Musei', NULL, NULL, NULL),
(366, 364, 'Jane Muthoni Njuguna', NULL, NULL, NULL),
(367, 365, 'Jane Njoki Wacieni', NULL, NULL, NULL),
(368, 366, 'Jane Njoroge', NULL, NULL, NULL),
(369, 367, 'Jane Wangare Kimani', NULL, NULL, NULL),
(370, 368, 'Jane Wanjiku', NULL, NULL, NULL),
(371, 369, 'JANEFFER WANGUI', NULL, NULL, NULL),
(372, 370, 'Janet Kioni', NULL, NULL, NULL),
(373, 371, 'Jecinta Njoki Karanja', NULL, NULL, NULL),
(374, 372, 'Jecinta Waichari', NULL, NULL, NULL),
(375, 373, 'JENIFFER NDEGE', NULL, NULL, NULL),
(376, 374, 'Jeremiah Makanja', NULL, NULL, NULL),
(377, 375, 'JEREMIAH OKENDO MILONDE', NULL, NULL, NULL),
(378, 376, 'Jeremiah Rapasi', NULL, NULL, NULL),
(379, 377, 'JEREMIAH TULELE', NULL, NULL, NULL),
(380, 378, 'Jerry Maosa', NULL, NULL, NULL),
(381, 379, 'JIMMY KIBICHILY', NULL, NULL, NULL),
(382, 380, 'JOAN NYAMBURA WAWERU', NULL, NULL, NULL),
(383, 381, 'JOB MUGIRE KIRATU', NULL, NULL, NULL),
(384, 382, 'Job Parit', NULL, NULL, NULL),
(385, 383, 'Joe Wine', NULL, NULL, NULL),
(386, 384, 'JOHN CHEGE KIBINGE', NULL, NULL, NULL),
(387, 385, 'JOHN GITAU', NULL, NULL, NULL),
(388, 386, 'John Ikenye', NULL, NULL, NULL),
(389, 387, 'JOHN K KAMAU', NULL, NULL, NULL),
(390, 388, 'John Kahiga', NULL, NULL, NULL),
(391, 389, 'John Kariuki', NULL, NULL, NULL),
(392, 390, 'JOHN KIGURU', NULL, NULL, NULL),
(393, 391, 'John Kimondo', NULL, NULL, NULL),
(394, 392, 'John Kuria', NULL, NULL, NULL),
(395, 393, 'John Lumet', NULL, NULL, NULL),
(396, 394, 'John Macharia', NULL, NULL, NULL),
(397, 395, 'John Mbugua Kimiti', NULL, NULL, NULL),
(398, 396, 'John Munguti', NULL, NULL, NULL),
(399, 397, 'John Muriithi', NULL, NULL, NULL),
(400, 398, 'John Mwangi', NULL, NULL, NULL),
(401, 399, 'John Mwaniki', NULL, NULL, NULL),
(402, 400, 'John Nderitu', NULL, NULL, NULL),
(403, 401, 'John Ndirangu', NULL, NULL, NULL),
(404, 402, 'John Njoroge', NULL, NULL, NULL),
(405, 403, 'John Otete', NULL, NULL, NULL),
(406, 404, 'JOHN OTIENO', NULL, NULL, NULL),
(407, 405, 'JOHNSON GITHUI MUIITHI', NULL, NULL, NULL),
(408, 406, 'Johnson Kamau', NULL, NULL, NULL),
(409, 407, 'Joseph Kamau', NULL, NULL, NULL),
(410, 408, 'Joseph Kamau Mungai', NULL, NULL, NULL),
(411, 409, 'JOSEPH KAMAU NGANGA', NULL, NULL, NULL),
(412, 410, 'JOSEPH KIMANI WAMAI', NULL, NULL, NULL),
(413, 411, 'JOSEPH KIMTAI', NULL, NULL, NULL),
(414, 412, 'JOSEPH KURIA', NULL, NULL, NULL),
(415, 413, 'Joseph M Mbugua', NULL, NULL, NULL),
(416, 414, 'JOSEPH MAINA KANG''ARA', NULL, NULL, NULL),
(417, 415, 'Joseph Miano', NULL, NULL, NULL),
(418, 416, 'Joseph Mungai Kimotho', NULL, NULL, NULL),
(419, 417, 'Joseph Mwangi', NULL, NULL, NULL),
(420, 418, 'Joseph Ndungu', NULL, NULL, NULL),
(421, 419, 'JOSEPH NDUNGU MUIRURI', NULL, NULL, NULL),
(422, 420, 'Joseph Ndura', NULL, NULL, NULL),
(423, 421, 'JOSEPH NGUGI MUNGA', NULL, NULL, NULL),
(424, 422, 'Joseph Njoroge Chuhi', NULL, NULL, NULL),
(425, 423, 'Joseph Wanderi', NULL, NULL, NULL),
(426, 424, 'Josephine Oneya Ambatsa', NULL, NULL, NULL),
(427, 425, 'Josephine Sanaiyo Lesamon', NULL, NULL, NULL),
(428, 426, 'JOSHUA O NYAKUNDI', NULL, NULL, NULL),
(429, 427, 'JOYCE KARANJA', NULL, NULL, NULL),
(430, 428, 'Joyce Lemoiko', NULL, NULL, NULL),
(431, 429, 'Joyce Mugure', NULL, NULL, NULL),
(432, 430, 'Joyce Mungare', NULL, NULL, NULL),
(433, 431, 'Joyce Nganga', NULL, NULL, NULL),
(434, 432, 'JUDITH AKINYI', NULL, NULL, NULL),
(435, 433, 'JUDY GAKINYA', NULL, NULL, NULL),
(436, 434, 'JUDY NDUNGU', NULL, NULL, NULL),
(437, 435, 'JULIE KITOLOLO', NULL, NULL, NULL),
(438, 436, 'JULIE WANJIRA NDUIGA', NULL, NULL, NULL),
(439, 437, 'JULIET WANJIRU', NULL, NULL, NULL),
(440, 438, 'JULIUS', NULL, NULL, NULL),
(441, 439, 'Julius Irungu', NULL, NULL, NULL),
(442, 440, 'Julius Mbaabu', NULL, NULL, NULL),
(443, 441, 'Julius Onyonyi Opiny', NULL, NULL, NULL),
(444, 442, 'Justus', NULL, NULL, NULL),
(445, 443, 'Justus Muthuri Marete', NULL, NULL, NULL),
(446, 444, 'KAG Church', NULL, NULL, NULL),
(447, 445, 'KAHURU WATER', NULL, NULL, NULL),
(448, 446, 'KAMAU', NULL, NULL, NULL),
(449, 447, 'Kamau 46 Developer', NULL, NULL, NULL),
(450, 448, 'Kamau Mariga', NULL, NULL, NULL),
(451, 449, 'Kambui Karemeri', NULL, NULL, NULL),
(452, 450, 'Kamochu', NULL, NULL, NULL),
(453, 451, 'KANG''ARI KARANJA', NULL, NULL, NULL),
(454, 452, 'Karanja', NULL, NULL, NULL),
(455, 453, 'KARANJA GACHEGUA', NULL, NULL, NULL),
(456, 454, 'Karanja Kinyanjui', NULL, NULL, NULL),
(457, 455, 'Karimi', NULL, NULL, NULL),
(458, 456, 'Kariuki', NULL, NULL, NULL),
(459, 457, 'Kariuki Kagumu', NULL, NULL, NULL),
(460, 458, 'KARIUKI TAJIRI', NULL, NULL, NULL),
(461, 459, 'KARUMBI', NULL, NULL, NULL),
(462, 460, 'KEFFA OSORO', NULL, NULL, NULL),
(463, 461, 'Kelvin Mwaura', NULL, NULL, NULL),
(464, 462, 'Ken Kiboro', NULL, NULL, NULL),
(465, 463, 'KENNEDY GATURA CHIEF', NULL, NULL, NULL),
(466, 464, 'KENNEDY KARIUKI', NULL, NULL, NULL),
(467, 465, 'KENNEDY MUDEMA KEGODE', NULL, NULL, NULL),
(468, 466, 'Kennedy Sakwa', NULL, NULL, NULL),
(469, 467, 'Kepha Manoti', NULL, NULL, NULL),
(470, 468, 'Kepha Mwongere', NULL, NULL, NULL),
(471, 469, 'Kiarie Paul', NULL, NULL, NULL),
(472, 470, 'KIBUI', NULL, NULL, NULL),
(473, 471, 'KILIMANJARO CONTRACTORS', NULL, NULL, NULL),
(474, 472, 'KIMANI', NULL, NULL, NULL),
(475, 473, 'Kimani Githae', NULL, NULL, NULL),
(476, 474, 'Kimani Waime', NULL, NULL, NULL),
(477, 475, 'Kimathi', NULL, NULL, NULL),
(478, 476, 'KINUTHIA KAMUKURU', NULL, NULL, NULL),
(479, 477, 'Kirubi Wachira', NULL, NULL, NULL),
(480, 478, 'KISERIAN DOWN SLAUGHTER', NULL, NULL, NULL),
(481, 479, 'KISERIAN UP SLAUGHTER', NULL, NULL, NULL),
(482, 480, 'Kithinji', NULL, NULL, NULL),
(483, 481, 'Koigi 2 home', NULL, NULL, NULL),
(484, 482, 'Koki Kinagi', NULL, NULL, NULL),
(485, 483, 'KURIA', NULL, NULL, NULL),
(486, 484, 'KURIA KAMUKURU', NULL, NULL, NULL),
(487, 485, 'KURIA MLACHAKE', NULL, NULL, NULL),
(488, 486, 'Kuria Stephen Kihia', NULL, NULL, NULL),
(489, 487, 'Laban Kadera Roimen', NULL, NULL, NULL),
(490, 488, 'LANGASI', NULL, NULL, NULL),
(491, 489, 'Lawrence Mweresa', NULL, NULL, NULL),
(492, 490, 'Leonard Gichanga', NULL, NULL, NULL),
(493, 491, 'LEORNARD WANJOHI', NULL, NULL, NULL),
(494, 492, 'Life Gospel Church Mutuine', NULL, NULL, NULL),
(495, 493, 'LILIAN AKINYI OGAADA', NULL, NULL, NULL),
(496, 494, 'LILIAN OSUNDWA', NULL, NULL, NULL),
(497, 495, 'LOWER MATASIA NJENJA GITHUA', NULL, NULL, NULL),
(498, 496, 'LUCAS WAMALWA', NULL, NULL, NULL),
(499, 497, 'Lucy Kibunyi', NULL, NULL, NULL),
(500, 498, 'Lucy Njeri Kangoro', NULL, NULL, NULL),
(501, 499, 'Lucy Njeri Tingt', NULL, NULL, NULL),
(502, 500, 'LUCY WABU MAINGI', NULL, NULL, NULL),
(503, 501, 'Lucy Wacuka Thairu', NULL, NULL, NULL),
(504, 502, 'Lucy Wambugu', NULL, NULL, NULL),
(505, 503, 'Lucy Wangechi Nyaguthie', NULL, NULL, NULL),
(506, 504, 'Lucy Wanjiku', NULL, NULL, NULL),
(507, 505, 'Lucy Waruchu', NULL, NULL, NULL),
(508, 506, 'Luha', NULL, NULL, NULL),
(509, 507, 'Lydia Kemunto Nyakundi', NULL, NULL, NULL),
(510, 508, 'lydiah', NULL, NULL, NULL),
(511, 509, 'Machine Center', NULL, NULL, NULL),
(512, 510, 'MAGARET WANGARI', NULL, NULL, NULL),
(513, 511, 'MAINA', NULL, NULL, NULL),
(514, 512, 'MAINA ( MATHARE)', NULL, NULL, NULL),
(515, 513, 'Maina Wa Gishagi', NULL, NULL, NULL),
(516, 514, 'MAJOR M BAR', NULL, NULL, NULL),
(517, 515, 'MAJOR M BUTCHERY', NULL, NULL, NULL),
(518, 516, 'Maley', NULL, NULL, NULL),
(519, 517, 'MAMA JEFF', NULL, NULL, NULL),
(520, 518, 'MAMA KIMANI WAIME', NULL, NULL, NULL),
(521, 519, 'MAMA NJERI', NULL, NULL, NULL),
(522, 520, 'MAMA TOIMA TRD', NULL, NULL, NULL),
(523, 521, 'Mama Wairimu', NULL, NULL, NULL),
(524, 522, 'MAMA WARUI', NULL, NULL, NULL),
(525, 523, 'Margaret Kamau', NULL, NULL, NULL),
(526, 524, 'Margaret Minu', NULL, NULL, NULL),
(527, 525, 'MARGARET MUTHONI', NULL, NULL, NULL),
(528, 526, 'Margaret Wahu Muchene', NULL, NULL, NULL),
(529, 527, 'Margaret Wairimu', NULL, NULL, NULL),
(530, 528, 'Margaret Wangare', NULL, NULL, NULL),
(531, 529, 'Mariga', NULL, NULL, NULL),
(532, 530, 'MARK OMONDI', NULL, NULL, NULL),
(533, 531, 'MARLEY PETROL STATION', NULL, NULL, NULL),
(534, 532, 'Martha Nyamboke', NULL, NULL, NULL),
(535, 533, 'Martha Tantai Githinji', NULL, NULL, NULL),
(536, 534, 'Martin Ambani', NULL, NULL, NULL),
(537, 535, 'Martin K Eliud', NULL, NULL, NULL),
(538, 536, 'Martin Kiberere', NULL, NULL, NULL),
(539, 537, 'Martin Mburu', NULL, NULL, NULL),
(540, 538, 'Martin Njuguna Mwangi', NULL, NULL, NULL),
(541, 539, 'Martin Wenani', NULL, NULL, NULL),
(542, 540, 'MARY KARANJA', NULL, NULL, NULL),
(543, 541, 'MARY KIMUHU', NULL, NULL, NULL),
(544, 542, 'MARY MACHARIA', NULL, NULL, NULL),
(545, 543, 'Mary Muthoni', NULL, NULL, NULL),
(546, 544, 'Mary Nduati', NULL, NULL, NULL),
(547, 545, 'MARY NDUTA', NULL, NULL, NULL),
(548, 546, 'Mary Njeri Wanjiru', NULL, NULL, NULL),
(549, 547, 'MARY NJOROGE', NULL, NULL, NULL),
(550, 548, 'Mary Ruguru Njenga', NULL, NULL, NULL),
(551, 549, 'MARY SEFU', NULL, NULL, NULL),
(552, 550, 'Mary Wambui', NULL, NULL, NULL),
(553, 551, 'Mary Wambui Nderitu', NULL, NULL, NULL),
(554, 552, 'Mary Wangui Kamau', NULL, NULL, NULL),
(555, 553, 'MARY WANJIKU CHEGE', NULL, NULL, NULL),
(556, 554, 'MARY WANJIRU', NULL, NULL, NULL),
(557, 555, 'Maryanne Kiamani', NULL, NULL, NULL),
(558, 556, 'Mathare Ngong', NULL, NULL, NULL),
(559, 557, 'Matheas Kamau', NULL, NULL, NULL),
(560, 558, 'MAUREEN OMWENGA', NULL, NULL, NULL),
(561, 559, 'MBUGUAH', NULL, NULL, NULL),
(562, 560, 'Mburu', NULL, NULL, NULL),
(563, 561, 'MERCY KAVAI', NULL, NULL, NULL),
(564, 562, 'MIANO JOSEPH', NULL, NULL, NULL),
(565, 563, 'Michael Kalii', NULL, NULL, NULL),
(566, 564, 'Michael Karanja Mwaura', NULL, NULL, NULL),
(567, 565, 'Michael Kariuki', NULL, NULL, NULL),
(568, 566, 'Michael Kimani Njenga', NULL, NULL, NULL),
(569, 567, 'Michael Macharia Mwangi', NULL, NULL, NULL),
(570, 568, 'Michael Mwaura', NULL, NULL, NULL),
(571, 569, 'MICHAEL NDUNGU KARIUKI', NULL, NULL, NULL),
(572, 570, 'Michael Ogambi', NULL, NULL, NULL),
(573, 571, 'MICHAEL SANDE 1', NULL, NULL, NULL),
(574, 571, 'MICHAEL SANDE 2', NULL, NULL, NULL),
(575, 572, 'Mike Kalama', NULL, NULL, NULL),
(576, 573, 'Milkah Wangare Kimani', NULL, NULL, NULL),
(577, 574, 'Milkah Wanja Wairimu', NULL, NULL, NULL),
(578, 575, 'Monica Gitau', NULL, NULL, NULL),
(579, 576, 'Monica Njeri Nyang', NULL, NULL, NULL),
(580, 577, 'MONICA WANJIKU', NULL, NULL, NULL),
(581, 578, 'Monica Wanjiku Githinji', NULL, NULL, NULL),
(582, 579, 'MOPHAT', NULL, NULL, NULL),
(583, 580, 'MORARA MATUNDA', NULL, NULL, NULL),
(584, 581, 'MORRIS MUITA', NULL, NULL, NULL),
(585, 582, 'Moses Amolo', NULL, NULL, NULL),
(586, 583, 'MOSES KARANJA', NULL, NULL, NULL),
(587, 584, 'MOSES LEDANA', NULL, NULL, NULL),
(588, 585, 'MOSES MARWANGA', NULL, NULL, NULL),
(589, 586, 'MOSES MEITAMEI', NULL, NULL, NULL),
(590, 587, 'MOSES NDERITU', NULL, NULL, NULL),
(591, 588, 'MOSES OWAKA', NULL, NULL, NULL),
(592, 589, 'MR GAKINYA', NULL, NULL, NULL),
(593, 590, 'MR IRUNGU', NULL, NULL, NULL),
(594, 591, 'MR JIM', NULL, NULL, NULL),
(595, 592, 'MR KANYAGO', NULL, NULL, NULL),
(596, 593, 'MR LENANA', NULL, NULL, NULL),
(597, 594, 'MR MUCHAI', NULL, NULL, NULL),
(598, 595, 'Mr Nyamwaro', NULL, NULL, NULL),
(599, 596, 'MR ROBERT THIONGO', NULL, NULL, NULL),
(600, 597, 'Mrs Maina', NULL, NULL, NULL),
(601, 598, 'MUCHINA FLATS', NULL, NULL, NULL),
(602, 599, 'MUCHIRI', NULL, NULL, NULL),
(603, 600, 'Muigai Waweru', NULL, NULL, NULL),
(604, 601, 'MUM WARENGA CELINAH', NULL, NULL, NULL),
(605, 602, 'MUNA MWANGI', NULL, NULL, NULL),
(606, 603, 'Murara Matunda', NULL, NULL, NULL),
(607, 604, 'Mutiso Nzioka', NULL, NULL, NULL),
(608, 605, 'Mutunga', NULL, NULL, NULL),
(609, 606, 'Mwangi Nguru', NULL, NULL, NULL),
(610, 607, 'Mwitinda Mutuini', NULL, NULL, NULL),
(611, 608, 'Nahashon Gacagua', NULL, NULL, NULL),
(612, 609, 'NAHASHON THIONGO', NULL, NULL, NULL),
(613, 610, 'NAHASON GSCHUGUA', NULL, NULL, NULL),
(614, 611, 'Nancy Gathigi', NULL, NULL, NULL),
(615, 612, 'Nancy K Kariuki', NULL, NULL, NULL),
(616, 613, 'Nancy Kuria', NULL, NULL, NULL),
(617, 614, 'NANCY RUTO', NULL, NULL, NULL),
(618, 615, 'NAOMI WANJIRU LUMET', NULL, NULL, NULL),
(619, 616, 'Naomi Mwangi', NULL, NULL, NULL),
(620, 617, 'Naphtaly Misuka Ondiba', NULL, NULL, NULL),
(621, 618, 'NASIEKU HSE 1', NULL, NULL, NULL),
(622, 618, 'NASIEKU HSE 2', NULL, NULL, NULL),
(623, 619, 'Nathan K Munyori', NULL, NULL, NULL),
(624, 620, 'Nathan Okelo', NULL, NULL, NULL),
(625, 621, 'Ndirangu Mwangi', NULL, NULL, NULL),
(626, 622, 'NDUNGU MURABA', NULL, NULL, NULL),
(627, 623, 'NELLIUS NJOROGE', NULL, NULL, NULL),
(628, 624, 'Nelson Kimtale Kapandet', NULL, NULL, NULL),
(629, 625, 'Nelson Kinyua Mugo', NULL, NULL, NULL),
(630, 626, 'Nelson Mwangi', NULL, NULL, NULL),
(631, 627, 'New Apostolic Church', NULL, NULL, NULL),
(632, 628, 'Newton Gaceru Njoroge', NULL, NULL, NULL),
(633, 629, 'Ngaajia 1', NULL, NULL, NULL),
(634, 629, 'Ngaajia 10', NULL, NULL, NULL),
(635, 629, 'Ngaajia 11', NULL, NULL, NULL),
(636, 629, 'Ngaajia 12', NULL, NULL, NULL),
(637, 629, 'Ngaajia 13', NULL, NULL, NULL),
(638, 629, 'Ngaajia 14', NULL, NULL, NULL),
(639, 629, 'Ngaajia 15', NULL, NULL, NULL),
(640, 629, 'Ngaajia 2', NULL, NULL, NULL),
(641, 629, 'Ngaajia 3', NULL, NULL, NULL),
(642, 629, 'Ngaajia 4', NULL, NULL, NULL),
(643, 629, 'Ngaajia 5', NULL, NULL, NULL),
(644, 629, 'Ngaajia 6', NULL, NULL, NULL),
(645, 629, 'Ngaajia 7', NULL, NULL, NULL),
(646, 629, 'Ngaajia 8', NULL, NULL, NULL),
(647, 629, 'Ngaajia 9', NULL, NULL, NULL),
(648, 630, 'NGAMATE', NULL, NULL, NULL),
(649, 630, 'NGAMATE 1', NULL, NULL, NULL),
(650, 630, 'NGAMATE 2', NULL, NULL, NULL),
(651, 631, 'Nganga Mburu', NULL, NULL, NULL),
(652, 632, 'NGANGA MUNYU', NULL, NULL, NULL),
(653, 633, 'Ngatho Gicheru', NULL, NULL, NULL),
(654, 634, 'Ngatia Kamau', NULL, NULL, NULL),
(655, 635, 'Nicholas Gichuhi', NULL, NULL, NULL),
(656, 636, 'NICHOLUS KAAKA KARORE', NULL, NULL, NULL),
(657, 637, 'NICHOLUS TOO', NULL, NULL, NULL),
(658, 638, 'Nickodemus Muithaga Kuria', NULL, NULL, NULL),
(659, 639, 'NICODEMUS OKARA', NULL, NULL, NULL),
(660, 640, 'NINAH', NULL, NULL, NULL),
(661, 641, 'NJERI', NULL, NULL, NULL),
(662, 642, 'Njoroge Rasta', NULL, NULL, NULL),
(663, 643, 'Njoroge Wacuru', NULL, NULL, NULL),
(664, 644, 'Njuguna Ngugi', NULL, NULL, NULL),
(665, 645, 'NKATANA', NULL, NULL, NULL),
(666, 646, 'Norah Sinkira', NULL, NULL, NULL),
(667, 647, 'Nyaga', NULL, NULL, NULL),
(668, 647, 'Nyaga 2', NULL, NULL, NULL),
(669, 648, 'NYAGA EDWARD', NULL, NULL, NULL),
(670, 649, 'Nyaga Francis', NULL, NULL, NULL),
(671, 650, 'OBADIAH MOTEL', NULL, NULL, NULL),
(672, 651, 'Okello Flats', NULL, NULL, NULL),
(673, 652, 'OLIVE', NULL, NULL, NULL),
(674, 653, 'Oloosurutia Hotel', NULL, NULL, NULL),
(675, 654, 'OMBASO', NULL, NULL, NULL),
(676, 655, 'Ombaso Flats', NULL, NULL, NULL),
(677, 656, 'Onesmus Gitonga', NULL, NULL, NULL),
(678, 657, 'Onesmus mbogo', NULL, NULL, NULL),
(679, 658, 'Orumoi Maiyan', NULL, NULL, NULL),
(680, 659, 'OSAKA 8', NULL, NULL, NULL),
(681, 660, 'Oscar Ahere', NULL, NULL, NULL),
(682, 661, 'Otero Matunda', NULL, NULL, NULL),
(683, 662, 'PAMELA KASUKU', NULL, NULL, NULL),
(684, 663, 'Partricia Mwende', NULL, NULL, NULL),
(685, 664, 'PASTOR JOSEPH GITAU', NULL, NULL, NULL),
(686, 665, 'Pastor Richard Matheri', NULL, NULL, NULL),
(687, 666, 'Patrick Kimondo', NULL, NULL, NULL),
(688, 667, 'PATRICK MATHENGE', NULL, NULL, NULL),
(689, 668, 'PATRICK NDIANGUI', NULL, NULL, NULL),
(690, 669, 'Patrick Ndirangu Kamau', NULL, NULL, NULL),
(691, 670, 'PATRICK NGOTHE', NULL, NULL, NULL),
(692, 671, 'PAUL AMBATSA', NULL, NULL, NULL),
(693, 672, 'PAUL B JIRANI', NULL, NULL, NULL),
(694, 673, 'PAUL GACHEGUA', NULL, NULL, NULL),
(695, 674, 'Paul Kamau Ndura', NULL, NULL, NULL),
(696, 675, 'Paul Karanja', NULL, NULL, NULL),
(697, 676, 'Paul Kibathi', NULL, NULL, NULL),
(698, 677, 'Paul Kimani', NULL, NULL, NULL),
(699, 678, 'Paul Lemaiyan', NULL, NULL, NULL),
(700, 679, 'Paul N Mocho', NULL, NULL, NULL),
(701, 680, 'Paul Ngamate', NULL, NULL, NULL),
(702, 681, 'Paul Njanjo', NULL, NULL, NULL),
(703, 682, 'PAUL NJENGA NGANGA', NULL, NULL, NULL),
(704, 683, 'PAUL ROSHA', NULL, NULL, NULL),
(705, 684, 'Pauline Wambui Muthike', NULL, NULL, NULL),
(706, 685, 'PCEA KISERIAN PARISH', NULL, NULL, NULL),
(707, 686, 'Peggy Ngaira', NULL, NULL, NULL),
(708, 687, 'Penina Mwangeli Nzoka', NULL, NULL, NULL),
(709, 688, 'PERIS D OKWOROH', NULL, NULL, NULL),
(710, 689, 'Peris Wangui', NULL, NULL, NULL),
(711, 690, 'PETER $ JANE KSRIUKI', NULL, NULL, NULL),
(712, 691, 'PETER BURUGU', NULL, NULL, NULL),
(713, 692, 'Peter Chiira Kamau', NULL, NULL, NULL),
(714, 693, 'Peter Irungu', NULL, NULL, NULL),
(715, 694, 'Peter K Kimata', NULL, NULL, NULL),
(716, 695, 'Peter Kamau', NULL, NULL, NULL),
(717, 696, 'Peter Kiamani Njuruba', NULL, NULL, NULL),
(718, 697, 'PETER KIONGO', NULL, NULL, NULL),
(719, 698, 'Peter Kuria', NULL, NULL, NULL),
(720, 699, 'PETER MAINA MWANGI', NULL, NULL, NULL),
(721, 700, 'Peter Muigai Kiongo', NULL, NULL, NULL),
(722, 701, 'Peter Muli', NULL, NULL, NULL),
(723, 702, 'Peter Mungai Kiogo', NULL, NULL, NULL),
(724, 703, 'Peter Munyuira', NULL, NULL, NULL),
(725, 704, 'PETER MWANGI', NULL, NULL, NULL),
(726, 705, 'Peter Mwangi Macharia', NULL, NULL, NULL),
(727, 706, 'PETER MWETHI HOME', NULL, NULL, NULL),
(728, 707, 'Peter Ndegwa Wanjohi', NULL, NULL, NULL),
(729, 708, 'PETER NDUATI', NULL, NULL, NULL),
(730, 709, 'PETER NGANGA ( WAMAINA)', NULL, NULL, NULL),
(731, 710, 'PETER NGENO', NULL, NULL, NULL),
(732, 711, 'PETER NJENGA', NULL, NULL, NULL),
(733, 712, 'PETER NJENGA KUNGU', NULL, NULL, NULL),
(734, 713, 'PETER NJOGU NJAU', NULL, NULL, NULL),
(735, 714, 'Peter Ouma', NULL, NULL, NULL),
(736, 715, 'Peter Wachura Thiongo', NULL, NULL, NULL),
(737, 716, 'PETER WAKABA', NULL, NULL, NULL),
(738, 717, 'Peter Wanjohi', NULL, NULL, NULL),
(739, 718, 'PETERSON KARIUKI', NULL, NULL, NULL),
(740, 719, 'PHILLEMON KIBET', NULL, NULL, NULL),
(741, 720, 'PHILLEMON KIMTAI', NULL, NULL, NULL),
(742, 721, 'Phillip Kiarie Nyoike', NULL, NULL, NULL),
(743, 722, 'Philomena Mbui', NULL, NULL, NULL),
(744, 723, 'PHILOMENA NJOKI', NULL, NULL, NULL),
(745, 724, 'Philothea Misionary Society', NULL, NULL, NULL),
(746, 725, 'Phylis Gathoni Wanjiku', NULL, NULL, NULL),
(747, 726, 'Phylis Korir', NULL, NULL, NULL),
(748, 727, 'PHYLIS NYAMBURA', NULL, NULL, NULL),
(749, 728, 'PIUS SIGEI', NULL, NULL, NULL),
(750, 729, 'PM NJENGA', NULL, NULL, NULL),
(751, 730, 'POLYCARP MATARA', NULL, NULL, NULL),
(752, 731, 'Precilla Njeri Karanja', NULL, NULL, NULL),
(753, 732, 'Pricilla Mwangi', NULL, NULL, NULL),
(754, 733, 'RACHAEL LANGAT', NULL, NULL, NULL),
(755, 734, 'Rahab Nathaniel', NULL, NULL, NULL),
(756, 735, 'RAHAB WANJIKU MWAURA', NULL, NULL, NULL),
(757, 736, 'Raphael Chege', NULL, NULL, NULL),
(758, 737, 'Raphael Lassitt', NULL, NULL, NULL),
(759, 738, 'Receca Muchiri', NULL, NULL, NULL),
(760, 739, 'REHEMA HOUSE RESCUE CENTRE', NULL, NULL, NULL),
(761, 740, 'REUBEN MAIYENDA', NULL, NULL, NULL),
(762, 741, 'Rev Samuel Tirus Ngugi', NULL, NULL, NULL),
(763, 742, 'REV STEPHEN MAINGI', NULL, NULL, NULL),
(764, 743, 'Richard K Kirui', NULL, NULL, NULL),
(765, 744, 'Rispa Flora Maroko', NULL, NULL, NULL),
(766, 745, 'ROBBINSON KAMAU', NULL, NULL, NULL),
(767, 746, 'Robert Kiprotich Bett', NULL, NULL, NULL),
(768, 747, 'Robinson Mbundi', NULL, NULL, NULL),
(769, 748, 'Rogers Mongusu', NULL, NULL, NULL),
(770, 749, 'Rose Nyakweya Kagera', NULL, NULL, NULL),
(771, 750, 'Rose Wambui Njagi', NULL, NULL, NULL),
(772, 751, 'ROSE WANGECI KIMAMO ( POPE METAL', NULL, NULL, NULL),
(773, 752, 'ROSE WANJIRU MUNGAI', NULL, NULL, NULL),
(774, 753, 'ROSELINE NAEKU', NULL, NULL, NULL),
(775, 754, 'Rosemary Barasa', NULL, NULL, NULL),
(776, 755, 'ROSEMARY NYOKABI', NULL, NULL, NULL),
(777, 756, 'Rosina Wakio Nyambu', NULL, NULL, NULL),
(778, 757, 'Ruphas Geoffrey Waweru Njuguna', NULL, NULL, NULL),
(779, 758, 'Rurumo', NULL, NULL, NULL),
(780, 759, 'Ruth Wanjiru Gathee', NULL, NULL, NULL),
(781, 760, 'SABINAH MBUGUAH', NULL, NULL, NULL),
(782, 761, 'Saitoi Home', NULL, NULL, NULL),
(783, 762, 'Saitoti Plot', NULL, NULL, NULL),
(784, 763, 'Salome Chira', NULL, NULL, NULL),
(785, 764, 'Salome Muthoni', NULL, NULL, NULL),
(786, 765, 'Salome Waithera Githiomi', NULL, NULL, NULL),
(787, 766, 'SALOME WAMBUI MANDI', NULL, NULL, NULL),
(788, 767, 'SAMMY KIMANI', NULL, NULL, NULL),
(789, 768, 'Sammy musyoka', NULL, NULL, NULL),
(790, 769, 'SAMSON OLENDO', NULL, NULL, NULL),
(791, 770, 'Samuel Barasa', NULL, NULL, NULL),
(792, 771, 'Samuel Ndungu Muhia', NULL, NULL, NULL),
(793, 772, 'Samuel Ngugi', NULL, NULL, NULL),
(794, 773, 'Samuel Njoroge', NULL, NULL, NULL),
(795, 774, 'SAMWEL MUCHANGI', NULL, NULL, NULL),
(796, 775, 'SARAH W MBUGUAH', NULL, NULL, NULL),
(797, 776, 'Scholastica W Kimani', NULL, NULL, NULL),
(798, 777, 'SDA KISERIAN', NULL, NULL, NULL),
(799, 778, 'Shadrach Mutunga', NULL, NULL, NULL),
(800, 779, 'Shompole House', NULL, NULL, NULL),
(801, 780, 'Silanga 1', NULL, NULL, NULL),
(802, 780, 'Silanga 2', NULL, NULL, NULL),
(803, 781, 'SILVANUS MWAU', NULL, NULL, NULL),
(804, 782, 'Silvester Wambua Mutunga', NULL, NULL, NULL),
(805, 783, 'SIMMON K KARIUKI', NULL, NULL, NULL),
(806, 784, 'Simon', NULL, NULL, NULL),
(807, 785, 'Simon Gichanga Ndungi', NULL, NULL, NULL),
(808, 786, 'SIMON GITAU MWANGI', NULL, NULL, NULL),
(809, 787, 'SIMON KAMAU', NULL, NULL, NULL),
(810, 788, 'Simon Karasha', NULL, NULL, NULL),
(811, 789, 'Simon Kibe', NULL, NULL, NULL),
(812, 790, 'Simon Kinyua', NULL, NULL, NULL),
(813, 791, 'Simon M Githinji', NULL, NULL, NULL),
(814, 792, 'SIMON MBAI', NULL, NULL, NULL),
(815, 793, 'Simon Muiruri', NULL, NULL, NULL),
(816, 794, 'SIMON MURIITHI', NULL, NULL, NULL),
(817, 795, 'Simon Mwangi Kimani', NULL, NULL, NULL),
(818, 796, 'SK MBURU', NULL, NULL, NULL),
(819, 797, 'SOKORO 1A', NULL, NULL, NULL),
(820, 797, 'SOKORO B', NULL, NULL, NULL),
(821, 797, 'SOKORO HOME', NULL, NULL, NULL),
(822, 798, 'Solomon Thiongo Njoroge', NULL, NULL, NULL),
(823, 799, 'St Barnabas Catholic Church', NULL, NULL, NULL),
(824, 800, 'St Joan Academy', NULL, NULL, NULL),
(825, 801, 'STANLEY MWANGI', NULL, NULL, NULL),
(826, 802, 'Stanley Ndingori Wanjiku', NULL, NULL, NULL),
(827, 803, 'STEPHEN AKAKA', NULL, NULL, NULL),
(828, 804, 'STEPHEN GITAU', NULL, NULL, NULL),
(829, 805, 'Stephen K Muritu', NULL, NULL, NULL),
(830, 806, 'STEPHEN KAPANDE', NULL, NULL, NULL),
(831, 807, 'Stephen Karanja', NULL, NULL, NULL),
(832, 808, 'STEPHEN KIIRU', NULL, NULL, NULL),
(833, 809, 'Stephen Macharia', NULL, NULL, NULL),
(834, 810, 'STEPHEN MUIGAI', NULL, NULL, NULL),
(835, 811, 'Stephen Mungai Njeri', NULL, NULL, NULL),
(836, 812, 'Stephen Munyiri', NULL, NULL, NULL),
(837, 813, 'Stephen Mutiso', NULL, NULL, NULL),
(838, 814, 'Stephen Ngatho', NULL, NULL, NULL),
(839, 815, 'STEPHEN WAWIRE', NULL, NULL, NULL),
(840, 816, 'SUSAN', NULL, NULL, NULL),
(841, 817, 'Susan Naipanui', NULL, NULL, NULL),
(842, 818, 'Tabitha Mbugua', NULL, NULL, NULL),
(843, 819, 'TABITHA NYAMURA', NULL, NULL, NULL),
(844, 820, 'Teresia Muraba', NULL, NULL, NULL),
(845, 821, 'Teresia Wambui', NULL, NULL, NULL),
(846, 822, 'TERESIA WANJIRU WAMBAA', NULL, NULL, NULL),
(847, 823, 'THOMAS KUNG''U', NULL, NULL, NULL),
(848, 824, 'Timmen Ibrahim', NULL, NULL, NULL),
(849, 825, 'TIMOTHY KARANJA', NULL, NULL, NULL),
(850, 826, 'TIMOTHY NGIGI', NULL, NULL, NULL),
(851, 827, 'Titus Wambugu Mboithi', NULL, NULL, NULL),
(852, 828, 'Toima Home', NULL, NULL, NULL),
(853, 829, 'Toima Plot', NULL, NULL, NULL),
(854, 830, 'TOM ABUGA', NULL, NULL, NULL),
(855, 831, 'TOM MWENESI', NULL, NULL, NULL),
(856, 832, 'Tom Okumu', NULL, NULL, NULL),
(857, 833, 'TONNY HOTEL NGONG', NULL, NULL, NULL),
(858, 834, 'Tony Guest', NULL, NULL, NULL),
(859, 835, 'Tree Shade', NULL, NULL, NULL),
(860, 836, 'UP WATER KIOSK', NULL, NULL, NULL),
(861, 837, 'Vellington Otieno', NULL, NULL, NULL),
(862, 838, 'Veronica Njeri', NULL, NULL, NULL),
(863, 839, 'Viginia Macharia', NULL, NULL, NULL),
(864, 840, 'Vincent Assa Nyamasege', NULL, NULL, NULL),
(865, 841, 'VINCENT O OGOTI', NULL, NULL, NULL),
(866, 842, 'Vista Concrete', NULL, NULL, NULL),
(867, 843, 'WA ZIPPORAH 1', NULL, NULL, NULL),
(868, 843, 'WA ZIPPORAH 2', NULL, NULL, NULL),
(869, 843, 'WA ZIPPORAH 3', NULL, NULL, NULL),
(870, 843, 'WA ZIPPORAH 4', NULL, NULL, NULL),
(871, 843, 'WA ZIPPORAH 5', NULL, NULL, NULL),
(872, 844, 'WACHAMA GACHEGUA', NULL, NULL, NULL),
(873, 845, 'Wahinya', NULL, NULL, NULL),
(874, 846, 'WAHU KAARA', NULL, NULL, NULL),
(875, 847, 'Waithaka Kamukuru', NULL, NULL, NULL),
(876, 848, 'WAMAKOMBE ALEXANDER', NULL, NULL, NULL),
(877, 849, 'WAMBUI', NULL, NULL, NULL),
(878, 850, 'WAMBUI WANDERI', NULL, NULL, NULL),
(879, 851, 'Wanderi Kaguka', NULL, NULL, NULL),
(880, 852, 'Wanjiru Kimani', NULL, NULL, NULL),
(881, 853, 'Washington', NULL, NULL, NULL),
(882, 854, 'WHEELSMAN GARAGE', NULL, NULL, NULL),
(883, 855, 'Wilfred Njenga', NULL, NULL, NULL),
(884, 856, 'William Kamau', NULL, NULL, NULL),
(885, 857, 'WILLIAM KARIUKI WAMBUI', NULL, NULL, NULL),
(886, 858, 'WILLIAM MUNGAI', NULL, NULL, NULL),
(887, 859, 'William Ngugi Kirumba', NULL, NULL, NULL),
(888, 860, 'Wilson Kigo', NULL, NULL, NULL),
(889, 861, 'WILSON OSORO', NULL, NULL, NULL),
(890, 862, 'Winfred Waithera', NULL, NULL, NULL),
(891, 863, 'yophes Nyamari Obara', NULL, NULL, NULL),
(892, 864, 'ZACCHEAUS KOECH', NULL, NULL, NULL),
(893, 865, 'Zackayo Karangi Gacheru', NULL, NULL, NULL),
(894, 866, 'Zipporah Wangui Maina', NULL, NULL, NULL),
(895, 867, 'Ziprosa Njeri Ihiga', NULL, NULL, NULL);

--
-- Indexes for dumped tables
--

--
-- Indexes for table `adjustment`
--
ALTER TABLE `adjustment`
  ADD PRIMARY KEY (`adjustment`), ADD UNIQUE KEY `id1` (`client`,`date`,`reason`);

--
-- Indexes for table `charge`
--
ALTER TABLE `charge`
  ADD PRIMARY KEY (`charge`), ADD UNIQUE KEY `id2` (`connection`,`service`,`date`), ADD KEY `service` (`service`);

--
-- Indexes for table `client`
--
ALTER TABLE `client`
  ADD PRIMARY KEY (`client`), ADD UNIQUE KEY `id3` (`name`);

--
-- Indexes for table `client_phone`
--
ALTER TABLE `client_phone`
  ADD PRIMARY KEY (`client_phone`), ADD UNIQUE KEY `id4` (`client`,`phone`), ADD KEY `phone` (`phone`);

--
-- Indexes for table `closing_balance`
--
ALTER TABLE `closing_balance`
  ADD PRIMARY KEY (`closing_balance`), ADD UNIQUE KEY `id5` (`date`,`client`), ADD KEY `client` (`client`);

--
-- Indexes for table `consumption`
--
ALTER TABLE `consumption`
  ADD PRIMARY KEY (`consumption`), ADD UNIQUE KEY `id6` (`wconnection`,`date`), ADD KEY `reading` (`reading`), ADD KEY `reading_1` (`reading_1`);

--
-- Indexes for table `payment`
--
ALTER TABLE `payment`
  ADD PRIMARY KEY (`payment`), ADD UNIQUE KEY `id7` (`client`,`date`,`ref`);

--
-- Indexes for table `phone`
--
ALTER TABLE `phone`
  ADD PRIMARY KEY (`phone`), ADD UNIQUE KEY `id8` (`num`);

--
-- Indexes for table `reader`
--
ALTER TABLE `reader`
  ADD PRIMARY KEY (`reader`), ADD UNIQUE KEY `id9` (`name`);

--
-- Indexes for table `reading`
--
ALTER TABLE `reading`
  ADD PRIMARY KEY (`reading`), ADD UNIQUE KEY `id10` (`date`,`wconnection`), ADD KEY `wconnection` (`wconnection`), ADD KEY `reader` (`reader`);

--
-- Indexes for table `service`
--
ALTER TABLE `service`
  ADD PRIMARY KEY (`service`), ADD UNIQUE KEY `id11` (`name`);

--
-- Indexes for table `state`
--
ALTER TABLE `state`
  ADD PRIMARY KEY (`state`), ADD UNIQUE KEY `id12` (`wconnection`,`date`,`disconnection`), ADD KEY `reading` (`reading`);

--
-- Indexes for table `subscription`
--
ALTER TABLE `subscription`
  ADD PRIMARY KEY (`subscription`), ADD UNIQUE KEY `id13` (`wconnection`,`service`), ADD KEY `service` (`service`);

--
-- Indexes for table `wconnection`
--
ALTER TABLE `wconnection`
  ADD PRIMARY KEY (`wconnection`), ADD UNIQUE KEY `id14` (`name`), ADD KEY `client` (`client`);

--
-- AUTO_INCREMENT for dumped tables
--

--
-- AUTO_INCREMENT for table `adjustment`
--
ALTER TABLE `adjustment`
  MODIFY `adjustment` int(11) NOT NULL AUTO_INCREMENT;
--
-- AUTO_INCREMENT for table `charge`
--
ALTER TABLE `charge`
  MODIFY `charge` int(11) NOT NULL AUTO_INCREMENT;
--
-- AUTO_INCREMENT for table `client`
--
ALTER TABLE `client`
  MODIFY `client` int(11) NOT NULL AUTO_INCREMENT,AUTO_INCREMENT=868;
--
-- AUTO_INCREMENT for table `client_phone`
--
ALTER TABLE `client_phone`
  MODIFY `client_phone` int(11) NOT NULL AUTO_INCREMENT,AUTO_INCREMENT=699;
--
-- AUTO_INCREMENT for table `closing_balance`
--
ALTER TABLE `closing_balance`
  MODIFY `closing_balance` int(11) NOT NULL AUTO_INCREMENT;
--
-- AUTO_INCREMENT for table `consumption`
--
ALTER TABLE `consumption`
  MODIFY `consumption` int(11) NOT NULL AUTO_INCREMENT;
--
-- AUTO_INCREMENT for table `payment`
--
ALTER TABLE `payment`
  MODIFY `payment` int(11) NOT NULL AUTO_INCREMENT;
--
-- AUTO_INCREMENT for table `phone`
--
ALTER TABLE `phone`
  MODIFY `phone` int(11) NOT NULL AUTO_INCREMENT,AUTO_INCREMENT=678;
--
-- AUTO_INCREMENT for table `reader`
--
ALTER TABLE `reader`
  MODIFY `reader` int(11) NOT NULL AUTO_INCREMENT;
--
-- AUTO_INCREMENT for table `reading`
--
ALTER TABLE `reading`
  MODIFY `reading` int(11) NOT NULL AUTO_INCREMENT;
--
-- AUTO_INCREMENT for table `service`
--
ALTER TABLE `service`
  MODIFY `service` int(11) NOT NULL AUTO_INCREMENT;
--
-- AUTO_INCREMENT for table `state`
--
ALTER TABLE `state`
  MODIFY `state` int(11) NOT NULL AUTO_INCREMENT;
--
-- AUTO_INCREMENT for table `subscription`
--
ALTER TABLE `subscription`
  MODIFY `subscription` int(11) NOT NULL AUTO_INCREMENT;
--
-- AUTO_INCREMENT for table `wconnection`
--
ALTER TABLE `wconnection`
  MODIFY `wconnection` int(11) NOT NULL AUTO_INCREMENT,AUTO_INCREMENT=896;
--
-- Constraints for dumped tables
--

--
-- Constraints for table `adjustment`
--
ALTER TABLE `adjustment`
ADD CONSTRAINT `adjustment_ibfk_1` FOREIGN KEY (`client`) REFERENCES `client` (`client`);

--
-- Constraints for table `charge`
--
ALTER TABLE `charge`
ADD CONSTRAINT `charge_ibfk_1` FOREIGN KEY (`service`) REFERENCES `service` (`service`);

--
-- Constraints for table `client_phone`
--
ALTER TABLE `client_phone`
ADD CONSTRAINT `client_phone_ibfk_1` FOREIGN KEY (`client`) REFERENCES `client` (`client`),
ADD CONSTRAINT `client_phone_ibfk_2` FOREIGN KEY (`phone`) REFERENCES `phone` (`phone`);

--
-- Constraints for table `closing_balance`
--
ALTER TABLE `closing_balance`
ADD CONSTRAINT `closing_balance_ibfk_1` FOREIGN KEY (`client`) REFERENCES `client` (`client`);

--
-- Constraints for table `consumption`
--
ALTER TABLE `consumption`
ADD CONSTRAINT `consumption_ibfk_1` FOREIGN KEY (`wconnection`) REFERENCES `wconnection` (`wconnection`),
ADD CONSTRAINT `consumption_ibfk_2` FOREIGN KEY (`reading`) REFERENCES `reading` (`reading`),
ADD CONSTRAINT `consumption_ibfk_3` FOREIGN KEY (`reading_1`) REFERENCES `reading` (`reading`);

--
-- Constraints for table `payment`
--
ALTER TABLE `payment`
ADD CONSTRAINT `payment_ibfk_1` FOREIGN KEY (`client`) REFERENCES `client` (`client`);

--
-- Constraints for table `reading`
--
ALTER TABLE `reading`
ADD CONSTRAINT `reading_ibfk_1` FOREIGN KEY (`wconnection`) REFERENCES `wconnection` (`wconnection`),
ADD CONSTRAINT `reading_ibfk_2` FOREIGN KEY (`reader`) REFERENCES `reader` (`reader`);

--
-- Constraints for table `state`
--
ALTER TABLE `state`
ADD CONSTRAINT `state_ibfk_1` FOREIGN KEY (`wconnection`) REFERENCES `wconnection` (`wconnection`),
ADD CONSTRAINT `state_ibfk_2` FOREIGN KEY (`reading`) REFERENCES `reading` (`reading`);

--
-- Constraints for table `subscription`
--
ALTER TABLE `subscription`
ADD CONSTRAINT `subscription_ibfk_1` FOREIGN KEY (`wconnection`) REFERENCES `wconnection` (`wconnection`),
ADD CONSTRAINT `subscription_ibfk_2` FOREIGN KEY (`service`) REFERENCES `service` (`service`);

--
-- Constraints for table `wconnection`
--
ALTER TABLE `wconnection`
ADD CONSTRAINT `wconnection_ibfk_1` FOREIGN KEY (`client`) REFERENCES `client` (`client`);

/*!40101 SET CHARACTER_SET_CLIENT=@OLD_CHARACTER_SET_CLIENT */;
/*!40101 SET CHARACTER_SET_RESULTS=@OLD_CHARACTER_SET_RESULTS */;
/*!40101 SET COLLATION_CONNECTION=@OLD_COLLATION_CONNECTION */;
